Fecha del hecho,Dia de la semana,Hora del hecho (HH:MM),Comuna/Corregimiento,Tipo de via de Hechos,Clase de Accidente,Genero,Edad,Características de la victima,Vehiculo de la Victima,Vehiculo 2 de la contraparte,Vehiculo 3 de la contraparte,Vehiculo 4 de la contraparte
2012-01-01T00:00:00.000,domingo,1899-12-31T05:05:00.000,8,Municipal,Peatón Atropellado,Masculino,46,Peatón,Autónomo (Peatón),Vehiculo particular,No aplica,No aplica
2012-01-03T00:00:00.000,martes,1899-12-31T20:00:00.000,6,Municipal,Colisión con Objeto Móvil,Masculino,79,Ciclista,Bicicleta,Motocicleta,No aplica,No aplica
2012-01-16T00:00:00.000,lunes,1899-12-31T00:00:00.000,1,Municipal,Sin Dato,Femenino,73,Peatón,Autónomo (Peatón),Sin dato,No aplica,No aplica
2012-01-22T00:00:00.000,domingo,1899-12-31T06:45:00.000,4,Municipal,Colisión con Objeto Fijo,Femenino,23,Conductor Moto,Motocicleta,No aplica,No aplica,No aplica
2012-01-25T00:00:00.000,miércoles,1899-12-31T18:45:00.000,1,Municipal,Ciclista Atropellado,Femenino,5,Ciclista,Bicicleta,Camión/Camioneta,No aplica,No aplica
2012-01-29T00:00:00.000,domingo,1899-12-31T00:00:00.000,2,Municipal,Colisión con Objeto Móvil,Masculino,49,Conductor Moto,Motocicleta,Vehiculo particular,No aplica,No aplica
2012-01-29T00:00:00.000,domingo,1899-12-31T00:00:00.000,6,Municipal,Peatón Atropellado,Femenino,59,Peatón,Autónomo (Peatón),Motocicleta,No aplica,No aplica
2012-02-05T00:00:00.000,domingo,1899-12-31T03:57:00.000,5,Municipal,Colisión con Objeto Fijo,Masculino,21,Conductor Moto,Motocicleta,No aplica,No aplica,No aplica
2012-02-05T00:00:00.000,domingo,1899-12-31T03:25:00.000,3,Municipal,Colisión con Objeto Fijo,Masculino,25,Conductor Moto,Motocicleta,No aplica,No aplica,No aplica
2012-02-10T00:00:00.000,viernes,1899-12-31T17:45:00.000,5,Municipal,Colisión con Objeto Móvil,Femenino,40,Pasajero Moto,Motocicleta,Microbus/Busetón,No aplica,No aplica
2012-03-25T00:00:00.000,domingo,1899-12-31T07:23:00.000,5,Municipal,Caída de Ocupante,Femenino,43,Pasajero Vehículo,Microbus/Busetón,No aplica,No aplica,No aplica
2012-04-11T00:00:00.000,miércoles,1899-12-31T00:00:00.000,2,Municipal,Sin Dato,Femenino,46,Conductor Moto,Motocicleta,Motocicleta,No aplica,No aplica
2012-04-15T00:00:00.000,domingo,1899-12-31T22:10:00.000,2,Municipal,Caída de Ocupante,Femenino,42,Pasajero Moto,Motocicleta,No aplica,No aplica,No aplica
2012-04-16T00:00:00.000,lunes,1899-12-31T18:00:00.000,6,Municipal,Volcamiento,Masculino,62,Conductor Moto,Motocicleta,No aplica,No aplica,No aplica
2012-04-21T00:00:00.000,sábado,1899-12-31T19:40:00.000,6,Municipal,Ciclista Atropellado,Masculino,16,Ciclista,Bicicleta,Motocicleta,No aplica,No aplica
2012-04-22T00:00:00.000,domingo,1899-12-31T00:00:00.000,7,Municipal,Peatón Atropellado,Masculino,88,Peatón,Autónomo (Peatón),Vehiculo particular,No aplica,No aplica
2012-04-25T00:00:00.000,miércoles,1899-12-31T09:20:00.000,6,Municipal,Volcamiento,Femenino,41,Conductor Moto,Motocicleta,No aplica,No aplica,No aplica
2012-05-02T00:00:00.000,miércoles,1899-12-31T10:22:00.000,10,Municipal,Colisión con Objeto Móvil,Masculino,24,Conductor Moto,Motocicleta,Microbus/Busetón,No aplica,No aplica
2012-05-05T00:00:00.000,sábado,1899-12-31T23:15:00.000,2,Municipal,Colisión con Objeto Móvil,Masculino,19,Conductor Moto,Motocicleta,Motocicleta,No aplica,No aplica
2012-05-05T00:00:00.000,sábado,1899-12-31T23:15:00.000,2,Municipal,Colisión con Objeto Móvil,Masculino,22,Pasajero Moto,Motocicleta,Motocicleta,No aplica,No aplica
2012-05-05T00:00:00.000,sábado,1899-12-31T23:15:00.000,2,Municipal,Colisión con Objeto Móvil,Masculino,28,Pasajero Moto,Motocicleta,Motocicleta,No aplica,No aplica
2012-05-05T00:00:00.000,sábado,1899-12-31T23:15:00.000,2,Municipal,Colisión con Objeto Móvil,Masculino,43,Conductor Moto,Motocicleta,Motocicleta,No aplica,No aplica
2012-05-06T00:00:00.000,domingo,1899-12-31T14:28:00.000,6,Municipal,Colisión con Objeto Móvil,Masculino,38,Conductor Moto,Motocicleta,Microbus/Busetón,No aplica,No aplica
2012-05-22T00:00:00.000,martes,1899-12-31T12:17:00.000,5,Municipal,Colisión con Objeto Móvil,Femenino,30,Conductor Moto,Motocicleta,Vehiculo particular,No aplica,No aplica
2012-05-22T00:00:00.000,martes,1899-12-31T12:17:00.000,5,Municipal,Colisión con Objeto Móvil,Femenino,47,Conductor Moto,Motocicleta,Vehiculo particular,No aplica,No aplica
2012-05-23T00:00:00.000,miércoles,1899-12-31T20:00:00.000,2,Municipal,Peatón Atropellado,Femenino,90,Peatón,Autónomo (Peatón),Motocicleta,No aplica,No aplica
2012-06-23T00:00:00.000,sábado,1899-12-31T06:35:00.000,1,Municipal,Colisión con Objeto Móvil,Masculino,27,Conductor Moto,Motocicleta,Motocicleta,No aplica,No aplica
2012-06-23T00:00:00.000,sábado,1899-12-31T06:35:00.000,1,Municipal,Colisión con Objeto Móvil,Masculino,47,Conductor Moto,Motocicleta,Motocicleta,No aplica,No aplica
2012-06-24T00:00:00.000,domingo,1899-12-31T00:00:00.000,Ninguna,Municipal,Peatón Atropellado,Masculino,73,Peatón,Autónomo (Peatón),Camión/Camioneta,No aplica,No aplica
2012-06-25T00:00:00.000,lunes,1899-12-31T21:30:00.000,4,Municipal,Colisión con Objeto Móvil,Masculino,44,Conductor Moto,Motocicleta,Vehiculo particular,No aplica,No aplica
2012-07-01T00:00:00.000,domingo,1899-12-31T20:30:00.000,5,Municipal,Peatón Atropellado,Masculino,56,Peatón,Autónomo (Peatón),Motocicleta,No aplica,No aplica
2012-07-03T00:00:00.000,martes,1899-12-31T10:50:00.000,5,Municipal,Colisión con Objeto Móvil,Femenino,4,Pasajero Moto,Motocicleta,Motocicleta,No aplica,No aplica
2012-07-15T00:00:00.000,domingo,1899-12-31T05:48:00.000,1,Municipal,Colisión con Objeto Fijo,Masculino,31,Conductor Moto,Motocicleta,No aplica,No aplica,No aplica
2012-07-19T00:00:00.000,jueves,1899-12-31T12:50:00.000,5,Municipal,Peatón Atropellado,Masculino,84,Peatón,Autónomo (Peatón),Motocicleta,No aplica,No aplica
2012-07-30T00:00:00.000,lunes,1899-12-31T07:32:00.000,1,Municipal,Colisión con Objeto Móvil,Masculino,23,Conductor Moto,Motocicleta,Vehiculo particular,No aplica,No aplica
2012-08-08T00:00:00.000,miércoles,1899-12-31T11:10:00.000,1,Municipal,Peatón Atropellado,Masculino,1,Peatón,Autónomo (Peatón),Vehiculo particular,No aplica,No aplica
2012-08-20T00:00:00.000,lunes,1899-12-31T01:40:00.000,4,Municipal,Colisión con Objeto Fijo,Masculino,19,Conductor Moto,Motocicleta,No aplica,No aplica,No aplica
2012-08-29T00:00:00.000,miércoles,1899-12-31T01:40:00.000,4,Municipal,Colisión con Objeto Fijo,Masculino,20,Pasajero Moto,Motocicleta,No aplica,No aplica,No aplica
2012-09-02T00:00:00.000,domingo,1899-12-31T00:00:00.000,Vegalarga,Municipal,Peatón Atropellado,Masculino,43,Peatón,Autónomo (Peatón),Vehiculo particular,No aplica,No aplica
2012-09-03T00:00:00.000,lunes,1899-12-31T00:00:00.000,1,Municipal,Colisión con Objeto Móvil,Femenino,47,Conductor Moto,Motocicleta,Motocicleta,No aplica,No aplica
2012-09-03T00:00:00.000,lunes,1899-12-31T19:12:00.000,5,Municipal,Peatón Atropellado,Femenino,54,Peatón,Autónomo (Peatón),Microbus/Busetón,No aplica,No aplica
2012-09-05T00:00:00.000,miércoles,1899-12-31T00:00:00.000,5,Municipal,Sin Dato,Masculino,21,Conductor Moto,Motocicleta,Sin dato,No aplica,No aplica
2012-09-08T00:00:00.000,sábado,1899-12-31T00:42:00.000,3,Municipal,Colisión con Objeto Fijo,Masculino,23,Conductor Moto,Motocicleta,No aplica,No aplica,No aplica
2012-09-08T00:00:00.000,sábado,1899-12-31T07:18:00.000,2,Municipal,Colisión con Objeto Móvil,Masculino,53,Conductor Moto,Motocicleta,Sin dato,No aplica,No aplica
2012-09-09T00:00:00.000,domingo,1899-12-31T02:00:00.000,3,Municipal,Colisión con Objeto Fijo,Masculino,26,Conductor Moto,Motocicleta,No aplica,No aplica,No aplica
2012-09-17T00:00:00.000,lunes,1899-12-31T20:47:00.000,9,Municipal,Colisión con Objeto Móvil,Masculino,24,Conductor Moto,Motocicleta,Motocicleta,No aplica,No aplica
2012-09-29T00:00:00.000,sábado,1899-12-31T06:00:00.000,Vegalarga,Municipal,Volcamiento,Masculino,24,Conductor Vehículo,Vehiculo particular,Sin dato,No aplica,No aplica
2012-10-15T00:00:00.000,lunes,1899-12-31T00:00:00.000,3,Municipal,Sin Dato,Masculino,24,Conductor Moto,Motocicleta,No aplica,No aplica,No aplica
2012-10-29T00:00:00.000,lunes,1899-12-31T00:00:00.000,9,Municipal,Caída de Ocupante,Femenino,48,Pasajero Moto,Motocicleta,No aplica,No aplica,No aplica
2012-11-18T00:00:00.000,domingo,1899-12-31T00:00:00.000,4,Municipal,Colisión con Objeto Móvil,Femenino,19,Conductor Moto,Motocicleta,Vehiculo particular,No aplica,No aplica
2012-11-21T00:00:00.000,miércoles,1899-12-31T00:00:00.000,2,Municipal,Sin Dato,Masculino,27,Conductor Moto,Motocicleta,Sin dato,No aplica,No aplica
2012-11-21T00:00:00.000,miércoles,1899-12-31T00:00:00.000,9,Municipal,Peatón Atropellado,Femenino,71,Peatón,Autónomo (Peatón),Vehiculo particular,No aplica,No aplica
2012-11-23T00:00:00.000,viernes,1899-12-31T00:00:00.000,9,Municipal,Peatón Atropellado,Femenino,68,Peatón,Autónomo (Peatón),Motocicleta,No aplica,No aplica
2012-11-30T00:00:00.000,viernes,1899-12-31T00:00:00.000,2,Municipal,Peatón Atropellado,Masculino,77,Peatón,Autónomo (Peatón),Camión/Camioneta,No aplica,No aplica
2012-12-17T00:00:00.000,lunes,1899-12-31T00:00:00.000,2,Municipal,Colisión con Objeto Fijo,Masculino,24,Conductor Moto,Motocicleta,No aplica,No aplica,No aplica
2012-12-18T00:00:00.000,martes,1899-12-31T00:00:00.000,3,Municipal,Colisión con Objeto Fijo,Masculino,21,Conductor Moto,Motocicleta,No aplica,No aplica,No aplica
2012-12-19T00:00:00.000,miércoles,1899-12-31T00:00:00.000,4,Municipal,Colisión con Objeto Móvil,Masculino,25,Conductor Moto,Motocicleta,Camión/Camioneta,No aplica,No aplica
2012-12-24T00:00:00.000,lunes,1899-12-31T00:00:00.000,1,Municipal,Otra Clase de Accidente,Femenino,23,Pasajero Vehículo,Vehiculo particular,No aplica,No aplica,No aplica
2012-12-25T00:00:00.000,martes,1899-12-31T00:00:00.000,3,Municipal,Colisión con Objeto Fijo,Masculino,23,Pasajero Moto,Motocicleta,No aplica,No aplica,No aplica
2013-01-04T00:00:00.000,viernes,1899-12-31T05:00:00.000,5,Municipal,Colisión con Objeto Móvil,Masculino,18,Conductor Moto,Motocicleta,Camión/Camioneta,No aplica,No aplica
2013-01-05T00:00:00.000,sábado,1899-12-31T00:00:00.000,9,Municipal,Colisión con Objeto Fijo,Masculino,59,Conductor Moto,Taxi,Sin dato,Sin dato,Sin dato
2013-01-10T00:00:00.000,jueves,1899-12-31T23:05:00.000,4,Municipal,Colisión con Objeto Fijo,Masculino,49,Conductor Moto,Motocicleta,No aplica,No aplica,No aplica
2013-01-21T00:00:00.000,lunes,1899-12-31T06:30:00.000,6,Municipal,Colisión con Objeto Móvil,Masculino,29,Conductor Moto,Taxi,Camión/Camioneta,Sin dato,Sin dato
2013-01-24T00:00:00.000,jueves,1899-12-31T01:50:00.000,3,Municipal,Colisión con Objeto Fijo,Masculino,29,Conductor Moto,Taxi,Sin dato,Sin dato,Sin dato
2013-01-30T00:00:00.000,miércoles,1899-12-31T00:00:00.000,5,Municipal,Peatón Atropellado,Femenino,72,Peatón,Autónomo (Peatón),Motocicleta,No aplica,No aplica
2013-02-09T00:00:00.000,sábado,1899-12-31T00:00:00.000,El Caguán,Municipal,Colisión con Objeto Móvil,Masculino,24,Conductor Moto,Motocicleta,Vehiculo particular,No aplica,No aplica
2013-02-27T00:00:00.000,miércoles,1899-12-31T20:30:00.000,7,Municipal,Peatón Atropellado,Masculino,58,Peatón,Bicicleta,Taxi,Sin dato,Sin dato
2013-02-28T00:00:00.000,jueves,1899-12-31T00:00:00.000,4,Municipal,Sin Dato,Masculino,27,Conductor Moto,Motocicleta,Sin dato,No aplica,No aplica
2013-03-08T00:00:00.000,viernes,1899-12-31T20:00:00.000,1,Municipal,Colisión con Objeto Fijo,Femenino,54,Conductor Moto,Motocicleta,No aplica,No aplica,No aplica
2013-04-14T00:00:00.000,domingo,1899-12-31T00:00:00.000,El Caguán,Municipal,Colisión con Objeto Móvil,Masculino,42,Conductor Moto,Motocicleta,Motocicleta,No aplica,No aplica
2013-04-15T00:00:00.000,lunes,1899-12-31T00:00:00.000,9,Municipal,Colisión con Objeto Fijo,Masculino,42,Conductor Moto,Taxi,Lancha/otro,Sin dato,Sin dato
2013-05-09T00:00:00.000,jueves,1899-12-31T06:00:00.000,2,Municipal,Colisión con Objeto Móvil,Masculino,36,Conductor Moto,Taxi,Tractomula,Sin dato,Sin dato
2013-05-19T00:00:00.000,domingo,1899-12-31T00:00:00.000,3,Municipal,Sin Dato,Femenino,56,Sin Dato,Sin dato,Motocicleta,No aplica,No aplica
2013-05-25T00:00:00.000,sábado,1899-12-31T00:00:00.000,6,Municipal,Colisión con Objeto Fijo,Femenino,38,Pasajero Moto,Motocicleta,No aplica,No aplica,No aplica
2013-05-26T00:00:00.000,domingo,1899-12-31T00:00:00.000,4,Municipal,Colisión con Objeto Móvil,Masculino,22,Conductor Moto,Motocicleta,Microbus/Busetón,No aplica,No aplica
2013-05-28T00:00:00.000,martes,1899-12-31T00:00:00.000,4,Municipal,Colisión con Objeto Móvil,Masculino,46,Conductor Moto,Taxi,Taxi,Sin dato,Sin dato
2013-06-04T00:00:00.000,martes,1899-12-31T00:00:00.000,El Caguán,Municipal,Sin Dato,Masculino,18,Conductor Moto,Motocicleta,Sin dato,No aplica,No aplica
2013-06-16T00:00:00.000,domingo,1899-12-31T00:00:00.000,Ninguna,Nacional,Volcamiento,Masculino,11,Pasajero Vehículo,Vehiculo particular,No aplica,No aplica,No aplica
2013-06-16T00:00:00.000,domingo,1899-12-31T15:00:00.000,Ninguna,Nacional,Colisión con Objeto Fijo,Masculino,35,Conductor Vehículo,Vehiculo particular,No aplica,No aplica,No aplica
2013-06-18T00:00:00.000,martes,1899-12-31T00:00:00.000,4,Municipal,Colisión con Objeto Móvil,Masculino,68,Sin Dato,Lancha/otro,Taxi,Sin dato,Sin dato
2013-06-19T00:00:00.000,miércoles,1899-12-31T00:00:00.000,6,Municipal,Colisión con Objeto Móvil,Masculino,44,Conductor Moto,Motocicleta,Vehiculo particular,No aplica,No aplica
2013-06-24T00:00:00.000,lunes,1899-12-31T00:00:00.000,9,Municipal,Sin Dato,Masculino,47,Conductor Moto,Taxi,Lancha/otro,Sin dato,Sin dato
2013-07-01T00:00:00.000,lunes,1899-12-31T00:00:00.000,3,Municipal,Sin Dato,Masculino,37,Conductor Moto,Motocicleta,Sin dato,No aplica,No aplica
2013-07-02T00:00:00.000,martes,1899-12-31T00:00:00.000,1,Municipal,Colisión con Objeto Fijo,Masculino,20,Conductor Moto,Vehiculo particular,No aplica,No aplica,No aplica
2013-07-21T00:00:00.000,domingo,1899-12-31T07:00:00.000,4,Municipal,Colisión con Objeto Fijo,Masculino,26,Conductor Vehículo,Vehiculo particular,No aplica,No aplica,No aplica
2013-07-21T00:00:00.000,domingo,1899-12-31T02:30:00.000,El Caguán,Municipal,Colisión con Objeto Fijo,Masculino,30,Conductor Moto,Taxi,Sin dato,Sin dato,Sin dato
2013-07-26T00:00:00.000,viernes,1899-12-31T16:20:00.000,1,Municipal,Colisión con Objeto Móvil,Masculino,25,Conductor Moto,Motocicleta,Motocicleta,No aplica,No aplica
2013-07-28T00:00:00.000,domingo,1899-12-31T00:00:00.000,El Caguán,Municipal,Sin Dato,Masculino,35,Conductor Moto,Taxi,Lancha/otro,Sin dato,Sin dato
2013-07-30T00:00:00.000,martes,1899-12-31T22:30:00.000,10,Municipal,Colisión con Objeto Fijo,Femenino,22,Conductor Moto,Motocicleta,No aplica,No aplica,No aplica
2013-08-04T00:00:00.000,domingo,1899-12-31T21:30:00.000,6,Municipal,Peatón Atropellado,Masculino,8,Peatón,Autónomo (Peatón),Vehiculo particular,No aplica,No aplica
2013-08-10T00:00:00.000,sábado,1899-12-31T01:45:00.000,7,Municipal,Colisión con Objeto Fijo,Masculino,15,Conductor Vehículo,Vehiculo particular,No aplica,No aplica,No aplica
2013-08-11T00:00:00.000,domingo,1899-12-31T00:00:00.000,El Caguán,Municipal,Sin Dato,Masculino,25,Conductor Moto,Motocicleta,Sin dato,No aplica,No aplica
2013-09-07T00:00:00.000,sábado,1899-12-31T00:00:00.000,1,Municipal,Sin Dato,Masculino,65,Sin Dato,Lancha/otro,Tractomula,Sin dato,Sin dato
2013-09-13T00:00:00.000,viernes,1899-12-31T04:10:00.000,Ninguna,Nacional,Volcamiento,Masculino,39,Conductor Vehículo,Vehiculo particular,Sin dato,Sin dato,Sin dato
2013-09-13T00:00:00.000,viernes,1899-12-31T04:10:00.000,Ninguna,Nacional,Volcamiento,Femenino,44,Pasajero Vehículo,Vehiculo particular,Sin dato,Sin dato,Sin dato
2013-09-13T00:00:00.000,viernes,1899-12-31T04:10:00.000,Ninguna,Nacional,Volcamiento,Femenino,67,Pasajero Vehículo,Vehiculo particular,Sin dato,Sin dato,Sin dato
2013-10-14T00:00:00.000,lunes,1899-12-31T22:30:00.000,6,Municipal,Colisión con Objeto Fijo,Masculino,34,Conductor Moto,Motocicleta,No aplica,No aplica,No aplica
2013-10-20T00:00:00.000,domingo,1899-12-31T00:00:00.000,6,Municipal,Colisión con Objeto Móvil,Masculino,22,Ciclista,Bicicleta,Taxi,No aplica,No aplica
2013-10-27T00:00:00.000,domingo,1899-12-31T00:00:00.000,10,Municipal,Colisión con Objeto Fijo,Masculino,12,Pasajero Vehículo,Camión/Camioneta,No aplica,No aplica,No aplica
2013-10-27T00:00:00.000,domingo,1899-12-31T00:00:00.000,10,Municipal,Otra Clase de Accidente,Masculino,19,Otro,No aplica,Camión/Camioneta,No aplica,No aplica
2013-11-10T00:00:00.000,domingo,1899-12-31T00:00:00.000,4,Municipal,Sin Dato,Masculino,20,Conductor Moto,Motocicleta,Sin dato,No aplica,No aplica
2013-11-12T00:00:00.000,martes,1899-12-31T07:25:00.000,3,Municipal,Colisión con Objeto Móvil,Femenino,20,Conductor Moto,Motocicleta,Camión/Camioneta,No aplica,No aplica
2013-11-19T00:00:00.000,martes,1899-12-31T00:00:00.000,8,Municipal,Peatón Atropellado,Masculino,41,Peatón,Bicicleta,Vehiculo particular,Sin dato,Sin dato
2013-11-23T00:00:00.000,sábado,1899-12-31T00:00:00.000,Ninguna,Municipal,Caída de Ocupante,Masculino,10,Pasajero Vehículo,Camión/Camioneta,No aplica,No aplica,No aplica
2013-12-11T00:00:00.000,miércoles,1899-12-31T22:40:00.000,4,Municipal,Colisión con Objeto Móvil,Femenino,19,Conductor Moto,Motocicleta,Camión/Camioneta,No aplica,No aplica
2013-12-15T00:00:00.000,domingo,1899-12-31T00:00:00.000,El Caguán,Municipal,Colisión con Objeto Móvil,Masculino,56,Ciclista,Motocicleta,Vehiculo particular,Sin dato,Sin dato
2013-12-18T00:00:00.000,miércoles,1899-12-31T16:30:00.000,9,Municipal,Peatón Atropellado,Femenino,67,Peatón,Autónomo (Peatón),Camión/Camioneta,No aplica,No aplica
2013-12-24T00:00:00.000,martes,1899-12-31T00:00:00.000,6,Municipal,Colisión con Objeto Móvil,Masculino,47,Ciclista,Motocicleta,Vehiculo particular,Sin dato,Sin dato
2013-12-26T00:00:00.000,jueves,1899-12-31T00:00:00.000,6,Municipal,Colisión con Objeto Móvil,Femenino,42,Pasajero Moto,Motocicleta,Motocicleta,No aplica,No aplica
2014-01-02T00:00:00.000,jueves,1899-12-31T00:00:00.000,5,Municipal,Colisión con Objeto Móvil,Masculino,22,Conductor Moto,Taxi,Vehiculo particular,Sin dato,Sin dato
2014-01-05T00:00:00.000,domingo,1899-12-31T00:00:00.000,6,Municipal,Sin Dato,Masculino,35,Sin Dato,Lancha/otro,Lancha/otro,Sin dato,Sin dato
2014-01-21T00:00:00.000,martes,1899-12-31T14:30:00.000,El Caguán,Municipal,Colisión con Objeto Móvil,Femenino,47,Pasajero Moto,Taxi,Camión/Camioneta,Sin dato,Sin dato
2014-01-22T00:00:00.000,miércoles,1899-12-31T14:30:00.000,El Caguán,Municipal,Colisión con Objeto Móvil,Masculino,18,Conductor Moto,Taxi,Camión/Camioneta,Sin dato,Sin dato
2014-01-31T00:00:00.000,viernes,1899-12-31T00:00:00.000,7,Municipal,Sin Dato,Masculino,28,Sin Dato,Lancha/otro,Lancha/otro,Lancha/otro,Lancha/otro
2014-02-02T00:00:00.000,domingo,1899-12-31T00:00:00.000,4,Municipal,Colisión con Objeto Fijo,Masculino,31,Conductor Moto,Taxi,Sin dato,Sin dato,Sin dato
2014-02-26T00:00:00.000,miércoles,1899-12-31T14:30:00.000,2,Municipal,Colisión con Objeto Móvil,Masculino,18,Conductor Moto,Taxi,Camión/Camioneta,Sin dato,Sin dato
2014-03-03T00:00:00.000,lunes,1899-12-31T00:00:00.000,4,Municipal,Colisión con Objeto Móvil,Masculino,30,Conductor Moto,Taxi,Tractomula,Sin dato,Sin dato
2014-03-17T00:00:00.000,lunes,1899-12-31T00:00:00.000,6,Municipal,Colisión con Objeto Móvil,Masculino,19,Conductor Moto,Taxi,Camión/Camioneta,Sin dato,Sin dato
2014-03-31T00:00:00.000,lunes,1899-12-31T00:00:00.000,Ninguna,Municipal,Peatón Atropellado,Masculino,83,Peatón,Bicicleta,Taxi,Sin dato,Sin dato
2014-04-05T00:00:00.000,sábado,1899-12-31T00:00:00.000,7,Municipal,Ciclista Atropellado,Masculino,79,Ciclista,Motocicleta,Taxi,Sin dato,Sin dato
2014-04-21T00:00:00.000,lunes,1899-12-31T00:00:00.000,4,Municipal,Colisión con Objeto Móvil,Masculino,58,Conductor Moto,Taxi,Vehiculo particular,Sin dato,Sin dato
2014-04-26T00:00:00.000,sábado,1899-12-31T00:00:00.000,10,Municipal,Colisión con Objeto Móvil,Masculino,18,Conductor Moto,Taxi,Taxi,Sin dato,Sin dato
2014-05-01T00:00:00.000,jueves,1899-12-31T00:00:00.000,El Caguán,Municipal,Sin Dato,Masculino,43,Conductor Moto,Taxi,Lancha/otro,Sin dato,Sin dato
2014-05-05T00:00:00.000,lunes,1899-12-31T00:00:00.000,3,Municipal,Colisión con Objeto Fijo,Masculino,30,Conductor Moto,Taxi,Sin dato,Sin dato,Sin dato
2014-05-24T00:00:00.000,sábado,1899-12-31T00:00:00.000,4,Municipal,Colisión con Objeto Móvil,Femenino,25,Conductor Moto,Taxi,Camión/Camioneta,Sin dato,Sin dato
2014-06-04T00:00:00.000,miércoles,1899-12-31T00:00:00.000,5,Municipal,Colisión con Objeto Móvil,Masculino,55,Conductor Moto,Taxi,Tractomula,Sin dato,Sin dato
2014-06-08T00:00:00.000,domingo,1899-12-31T00:00:00.000,5,Municipal,Colisión con Objeto Móvil,Masculino,31,Conductor Moto,Taxi,Vehiculo particular,Sin dato,Sin dato
2014-06-28T00:00:00.000,sábado,1899-12-31T06:00:00.000,Ninguna,Departamental,Colisión con Objeto Móvil,Femenino,20,Pasajero Moto,Taxi,Camión/Camioneta,Sin dato,Sin dato
2014-06-28T00:00:00.000,sábado,1899-12-31T06:00:00.000,Ninguna,Departamental,Colisión con Objeto Móvil,Masculino,33,Conductor Moto,Taxi,Camión/Camioneta,Sin dato,Sin dato
2014-06-29T00:00:00.000,domingo,1899-12-31T00:00:00.000,1,Municipal,Colisión con Objeto Móvil,Masculino,32,Conductor Moto,Taxi,Taxi,Sin dato,Sin dato
2014-06-29T00:00:00.000,domingo,1899-12-31T00:30:00.000,4,Municipal,Colisión con Objeto Móvil,Masculino,35,Conductor Moto,Taxi,Vehiculo particular,Sin dato,Sin dato
2014-06-29T00:00:00.000,domingo,1899-12-31T00:00:00.000,Fortalecillas,Municipal,Sin Dato,Masculino,40,Conductor Moto,Taxi,Lancha/otro,Sin dato,Sin dato
2014-07-05T00:00:00.000,sábado,1899-12-31T00:00:00.000,8,Municipal,Colisión con Objeto Móvil,Masculino,47,Pasajero Moto,Taxi,Camión/Camioneta,Sin dato,Sin dato
2014-07-20T00:00:00.000,domingo,1899-12-31T00:00:00.000,6,Municipal,Sin Dato,Masculino,61,Ciclista,Motocicleta,Lancha/otro,Sin dato,Sin dato
2014-07-23T00:00:00.000,miércoles,1899-12-31T00:00:00.000,10,Municipal,Peatón Atropellado,Femenino,8,Peatón,Bicicleta,Vehiculo particular,Sin dato,Sin dato
2014-08-19T00:00:00.000,martes,1899-12-31T00:00:00.000,7,Municipal,Colisión con Objeto Móvil,Masculino,23,Conductor Moto,Taxi,Taxi,Sin dato,Sin dato
2014-08-28T00:00:00.000,jueves,1899-12-31T00:00:00.000,1,Municipal,Colisión con Objeto Fijo,Masculino,18,Conductor Moto,Taxi,Sin dato,Sin dato,Sin dato
2014-09-02T00:00:00.000,martes,1899-12-31T22:30:00.000,3,Municipal,Colisión con Objeto Móvil,Masculino,38,Conductor Moto,Taxi,Vehiculo particular,Sin dato,Sin dato
2014-09-17T00:00:00.000,miércoles,1899-12-31T00:00:00.000,5,Municipal,Peatón Atropellado,Masculino,73,Peatón,Bicicleta,Taxi,Sin dato,Sin dato
2014-09-25T00:00:00.000,jueves,1899-12-31T00:00:00.000,9,Municipal,Ciclista Atropellado,Masculino,69,Ciclista,Motocicleta,Camión/Camioneta,Sin dato,Sin dato
2014-09-28T00:00:00.000,domingo,1899-12-31T00:00:00.000,9,Municipal,Sin Dato,Masculino,37,Conductor Moto,Taxi,Lancha/otro,Sin dato,Sin dato
2014-09-28T00:00:00.000,domingo,1899-12-31T00:00:00.000,7,Municipal,Ciclista Atropellado,Masculino,79,Ciclista,Motocicleta,Lancha/otro,Sin dato,Sin dato
2014-10-10T00:00:00.000,viernes,1899-12-31T00:00:00.000,Fortalecillas,Municipal,Colisión con Objeto Fijo,Masculino,48,Conductor Moto,Taxi,Sin dato,Sin dato,Sin dato
2014-10-19T00:00:00.000,domingo,1899-12-31T23:15:00.000,9,Municipal,Colisión con Objeto Fijo,Masculino,24,Conductor Moto,Taxi,Sin dato,Sin dato,Sin dato
2014-10-19T00:00:00.000,domingo,1899-12-31T05:00:00.000,6,Municipal,Colisión con Objeto Móvil,Masculino,31,Conductor Moto,Taxi,Camión/Camioneta,Sin dato,Sin dato
2014-10-23T00:00:00.000,jueves,1899-12-31T00:20:00.000,1,Municipal,Colisión con Objeto Fijo,Masculino,33,Conductor Moto,Taxi,Sin dato,Sin dato,Sin dato
2014-11-01T00:00:00.000,sábado,1899-12-31T11:00:00.000,3,Municipal,Ciclista Atropellado,Masculino,66,Ciclista,Motocicleta,Taxi,Sin dato,Sin dato
2014-11-16T00:00:00.000,domingo,1899-12-31T04:20:00.000,5,Municipal,Colisión con Objeto Fijo,Femenino,29,Conductor Moto,Taxi,Sin dato,Sin dato,Sin dato
2014-11-16T00:00:00.000,domingo,1899-12-31T00:00:00.000,1,Municipal,Colisión con Objeto Fijo,Masculino,36,Conductor Moto,Taxi,Sin dato,Sin dato,Sin dato
2014-11-20T00:00:00.000,jueves,1899-12-31T22:30:00.000,3,Municipal,Colisión con Objeto Fijo,Masculino,26,Conductor Moto,Taxi,Sin dato,Sin dato,Sin dato
2014-11-30T00:00:00.000,domingo,1899-12-31T02:40:00.000,4,Municipal,Colisión con Objeto Fijo,Masculino,26,Conductor Moto,Taxi,Sin dato,Sin dato,Sin dato
2014-12-01T00:00:00.000,lunes,1899-12-31T00:00:00.000,8,Municipal,Colisión con Objeto Móvil,Masculino,57,Sin Dato,Lancha/otro,Vehiculo particular,Sin dato,Sin dato
2014-12-08T00:00:00.000,lunes,1899-12-31T00:00:00.000,4,Municipal,Peatón Atropellado,Masculino,49,Peatón,Bicicleta,Vehiculo particular,Sin dato,Sin dato
2014-12-11T00:00:00.000,jueves,1899-12-31T19:00:00.000,4,Municipal,Colisión con Objeto Móvil,Femenino,18,Pasajero Moto,Taxi,Vehiculo particular,Sin dato,Sin dato
2014-12-13T00:00:00.000,sábado,1899-12-31T00:00:00.000,10,Municipal,Colisión con Objeto Móvil,Masculino,85,Peatón,Bicicleta,Taxi,Sin dato,Sin dato
2014-12-16T00:00:00.000,martes,1899-12-31T17:00:00.000,6,Municipal,Colisión con Objeto Móvil,Masculino,22,Conductor Moto,Taxi,Vehiculo particular,Sin dato,Sin dato
2014-12-24T00:00:00.000,miércoles,1899-12-31T17:00:00.000,6,Municipal,Colisión con Objeto Móvil,Masculino,24,Conductor Moto,Taxi,Tractomula,Sin dato,Sin dato
2014-12-24T00:00:00.000,miércoles,1899-12-31T19:00:00.000,6,Municipal,Colisión con Objeto Móvil,Masculino,53,Conductor Moto,Taxi,Taxi,Sin dato,Sin dato
2014-12-29T00:00:00.000,lunes,1899-12-31T00:00:00.000,9,Municipal,Sin Dato,Femenino,44,Pasajero Moto,Taxi,Lancha/otro,Sin dato,Sin dato
2015-01-12T00:00:00.000,lunes,1899-12-31T03:50:00.000,5,Municipal,Colisión con Objeto Fijo,Masculino,27,Conductor Moto,Motocicleta,No aplica,No aplica,No aplica
2015-01-17T00:00:00.000,sábado,1899-12-31T18:30:00.000,9,Municipal,Colisión con Objeto Móvil,Masculino,31,Pasajero Moto,Motocicleta,Vehiculo particular,No aplica,No aplica
2015-01-18T00:00:00.000,domingo,1899-12-31T10:30:00.000,6,Municipal,Caída de Ocupante,Masculino,18,Pasajero Externo,Camión/Camioneta,No aplica,No aplica,No aplica
2015-01-20T00:00:00.000,martes,1899-12-31T14:30:00.000,1,Municipal,Ciclista Atropellado,Masculino,66,Ciclista,Bicicleta,Camión/Camioneta,No aplica,No aplica
2015-01-22T00:00:00.000,jueves,1899-12-31T04:23:00.000,7,Municipal,Ciclista Atropellado,Masculino,84,Ciclista,Bicicleta,Vehiculo particular,No aplica,No aplica
2015-01-26T00:00:00.000,lunes,1899-12-31T07:35:00.000,3,Municipal,Colisión con Objeto Fijo,Masculino,22,Conductor Moto,Motocicleta,No aplica,No aplica,No aplica
2015-02-03T00:00:00.000,martes,1899-12-31T11:30:00.000,9,Municipal,Ciclista Atropellado,Masculino,62,Ciclista,Bicicleta,Motocicleta,No aplica,No aplica
2015-02-15T00:00:00.000,domingo,1899-12-31T06:35:00.000,El Caguán,Municipal,Colisión con Objeto Fijo,Masculino,22,Conductor Moto,Motocicleta,No aplica,No aplica,No aplica
2015-02-15T00:00:00.000,domingo,1899-12-31T06:35:00.000,El Caguán,Municipal,Colisión con Objeto Fijo,Masculino,23,Pasajero Moto,Motocicleta,No aplica,No aplica,No aplica
2015-03-05T00:00:00.000,jueves,1899-12-31T07:20:00.000,6,Municipal,Colisión con Objeto Móvil,Femenino,46,Conductor Moto,Motocicleta,Vehiculo particular,No aplica,No aplica
2015-03-21T00:00:00.000,sábado,1899-12-31T20:47:00.000,9,Municipal,Colisión con Objeto Móvil,Masculino,22,Conductor Moto,Motocicleta,Vehiculo particular,No aplica,No aplica
2015-04-14T00:00:00.000,martes,1899-12-31T18:45:00.000,4,Municipal,Peatón Atropellado,Masculino,76,Peatón,Autónomo (Peatón),Motocicleta,No aplica,No aplica
2015-04-25T00:00:00.000,sábado,1899-12-31T16:40:00.000,4,Municipal,Peatón Atropellado,Masculino,80,Peatón,Autónomo (Peatón),Microbus/Busetón,No aplica,No aplica
2015-05-06T00:00:00.000,miércoles,1899-12-31T10:30:00.000,10,Municipal,Peatón Atropellado,Masculino,62,Peatón,Autónomo (Peatón),Camión/Camioneta,No aplica,No aplica
2015-05-07T00:00:00.000,jueves,1899-12-31T19:10:00.000,6,Municipal,Peatón Atropellado,Femenino,55,Peatón,Autónomo (Peatón),Vehiculo particular,No aplica,No aplica
2015-05-10T00:00:00.000,domingo,1899-12-31T01:06:00.000,1,Municipal,Peatón Atropellado,Masculino,40,Peatón,Autónomo (Peatón),Taxi,No aplica,No aplica
2015-05-13T00:00:00.000,miércoles,1899-12-31T18:55:00.000,6,Municipal,Colisión con Objeto Móvil,Masculino,17,Conductor Moto,Motocicleta,Motocicleta,No aplica,No aplica
2015-05-21T00:00:00.000,jueves,1899-12-31T21:05:00.000,6,Municipal,Colisión con Objeto Móvil,Masculino,19,Conductor Moto,Motocicleta,Vehiculo particular,No aplica,No aplica
2015-05-29T00:00:00.000,viernes,1899-12-31T22:05:00.000,1,Municipal,Peatón Atropellado,Femenino,17,Peatón,Autónomo (Peatón),Camión/Camioneta,No aplica,No aplica
2015-06-16T00:00:00.000,martes,1899-12-31T07:40:00.000,5,Municipal,Colisión con Objeto Fijo,Masculino,26,Conductor Moto,Motocicleta,No aplica,No aplica,No aplica
2015-06-24T00:00:00.000,miércoles,1899-12-31T07:00:00.000,3,Municipal,Peatón Atropellado,Masculino,85,Peatón,Autónomo (Peatón),Motocicleta,No aplica,No aplica
2015-06-27T00:00:00.000,sábado,1899-12-31T05:52:00.000,7,Municipal,Colisión con Objeto Fijo,Masculino,19,Conductor Moto,Motocicleta,No aplica,No aplica,No aplica
2015-07-19T00:00:00.000,domingo,1899-12-31T11:00:00.000,6,Municipal,Colisión con Objeto Móvil,Femenino,24,Pasajero Moto,Motocicleta,Vehiculo particular,No aplica,No aplica
2015-07-19T00:00:00.000,domingo,1899-12-31T12:55:00.000,9,Municipal,Colisión con Objeto Móvil,Masculino,39,Conductor Moto,Motocicleta,Microbus/Busetón,No aplica,No aplica
2015-07-26T00:00:00.000,domingo,1899-12-31T00:00:00.000,1,Municipal,Colisión con Objeto Fijo,Masculino,53,Conductor Moto,Motocicleta,No aplica,No aplica,No aplica
2015-08-16T00:00:00.000,domingo,1899-12-31T05:10:00.000,Guacirco,Municipal,Colisión con Objeto Móvil,Masculino,44,Pasajero Moto,Motocicleta,Microbus/Busetón,No aplica,No aplica
2015-08-16T00:00:00.000,domingo,1899-12-31T05:10:00.000,Guacirco,Municipal,Colisión con Objeto Móvil,Masculino,53,Conductor Moto,Motocicleta,Microbus/Busetón,No aplica,No aplica
2015-08-22T00:00:00.000,sábado,1899-12-31T05:24:00.000,9,Municipal,Colisión con Objeto Móvil,Masculino,32,Conductor Moto,Motocicleta,Camión/Camioneta,No aplica,No aplica
2015-08-22T00:00:00.000,sábado,1899-12-31T05:24:00.000,9,Municipal,Colisión con Objeto Móvil,Masculino,66,Pasajero Moto,Motocicleta,Camión/Camioneta,No aplica,No aplica
2015-09-20T00:00:00.000,domingo,1899-12-31T00:00:00.000,4,Municipal,Colisión con Objeto Fijo,Masculino,20,Conductor Moto,Motocicleta,No aplica,No aplica,No aplica
2015-09-20T00:00:00.000,domingo,1899-12-31T04:47:00.000,Fortalecillas,Municipal,Volcamiento,Masculino,34,Conductor Vehículo,Vehiculo particular,No aplica,No aplica,No aplica
2015-09-25T00:00:00.000,viernes,1899-12-31T00:00:00.000,3,Municipal,Caída de Ocupante,Femenino,19,Pasajero Moto,Motocicleta,Sin dato,Sin dato,Sin dato
2015-10-03T00:00:00.000,sábado,1899-12-31T11:00:00.000,5,Municipal,Peatón Atropellado,Masculino,11,Peatón,Autónomo (Peatón),Motocicleta,No aplica,No aplica
2015-10-10T00:00:00.000,sábado,1899-12-31T19:43:00.000,Fortalecillas,Municipal,Colisión con Objeto Móvil,Masculino,44,Conductor Moto,Motocicleta,Animales,No aplica,No aplica
2015-10-20T00:00:00.000,martes,1899-12-31T00:15:00.000,9,Municipal,Colisión con Objeto Fijo,Masculino,25,Conductor Moto,Motocicleta,No aplica,No aplica,No aplica
2015-10-29T00:00:00.000,jueves,1899-12-31T01:41:00.000,5,Municipal,Colisión con Objeto Fijo,Masculino,17,Conductor Moto,Motocicleta,No aplica,No aplica,No aplica
2015-10-30T00:00:00.000,viernes,1899-12-31T00:40:00.000,7,Municipal,Colisión con Objeto Móvil,Masculino,41,Conductor Moto,Motocicleta,Motocicleta,No aplica,No aplica
2015-11-20T00:00:00.000,viernes,1899-12-31T09:16:00.000,Ninguna,Municipal,Caída de Ocupante,Masculino,48,Pasajero Moto,Motocicleta,No aplica,No aplica,No aplica
2015-11-24T00:00:00.000,martes,1899-12-31T09:30:00.000,4,Municipal,Colisión con Objeto Móvil,Masculino,46,Ciclista,Bicicleta,Camión/Camioneta,No aplica,No aplica
2015-12-05T00:00:00.000,sábado,1899-12-31T23:02:00.000,2,Municipal,Colisión con Objeto Móvil,Masculino,39,Conductor Moto,Motocicleta,Motocicleta,No aplica,No aplica
2015-12-11T00:00:00.000,viernes,1899-12-31T04:40:00.000,6,Municipal,Colisión con Objeto Móvil,Masculino,29,Conductor Moto,Motocicleta,Camión/Camioneta,No aplica,No aplica
2015-12-20T00:00:00.000,domingo,1899-12-31T18:40:00.000,Vegalarga,Municipal,Volcamiento,Femenino,46,Pasajero Moto,Motocicleta,No aplica,No aplica,No aplica
2015-12-24T00:00:00.000,jueves,1899-12-31T19:46:00.000,Rio de la Ceibas,Municipal,Colisión con Objeto Fijo,Masculino,51,Conductor Moto,Motocicleta,No aplica,No aplica,No aplica
2015-12-25T00:00:00.000,viernes,1899-12-31T22:45:00.000,6,Municipal,Volcamiento,Masculino,18,Pasajero Vehículo,Vehiculo particular,No aplica,No aplica,No aplica
2015-12-25T00:00:00.000,viernes,1899-12-31T08:21:00.000,1,Municipal,Colisión con Objeto Fijo,Masculino,30,Conductor Moto,Motocicleta,No aplica,No aplica,No aplica
2016-01-01T00:00:00.000,viernes,1899-12-31T02:36:00.000,6,Municipal,Colisión con Objeto Móvil,Masculino,33,Conductor Moto,Motocicleta,Motocicleta,No aplica,No aplica
2016-01-16T00:00:00.000,sábado,1899-12-31T18:36:00.000,El Caguán,Municipal,Colisión con Objeto Móvil,Masculino,54,Conductor Moto,Motocicleta,Motocicleta,No aplica,No aplica
2016-01-20T00:00:00.000,miércoles,1899-12-31T17:38:00.000,4,Municipal,Peatón Atropellado,Masculino,74,Peatón,Autónomo (Peatón),Motocicleta,No aplica,No aplica
2016-01-20T00:00:00.000,miércoles,1899-12-31T20:23:00.000,6,Municipal,Caída de Ocupante,Femenino,19,Pasajero Moto,Motocicleta,Tractomula,No aplica,No aplica
2016-01-24T00:00:00.000,domingo,1899-12-31T02:15:00.000,2,Municipal,Colisión con Objeto Fijo,Masculino,20,Conductor Moto,Motocicleta,No aplica,No aplica,No aplica
2016-01-24T00:00:00.000,domingo,1899-12-31T13:38:00.000,El Caguán,Municipal,Caída de Ocupante,Femenino,56,Pasajero Moto,Motocicleta,No aplica,No aplica,No aplica
2016-01-25T00:00:00.000,lunes,1899-12-31T17:47:00.000,1,Municipal,Caída de Ocupante,Femenino,77,Pasajero Vehículo,Microbus/Busetón,No aplica,No aplica,No aplica
2016-02-03T00:00:00.000,miércoles,1899-12-31T21:56:00.000,7,Municipal,Colisión con Objeto Móvil,Masculino,36,Conductor Moto,Motocicleta,Taxi,No aplica,No aplica
2016-02-13T00:00:00.000,sábado,1899-12-31T19:46:00.000,4,Municipal,Colisión con Objeto Móvil,Masculino,44,Conductor Moto,Motocicleta,Motocicleta,No aplica,No aplica
2016-02-14T00:00:00.000,domingo,1899-12-31T19:08:00.000,7,Municipal,Caída de Ocupante,Femenino,30,Pasajero Moto,Motocicleta,No aplica,No aplica,No aplica
2016-02-14T00:00:00.000,domingo,1899-12-31T20:10:00.000,9,Municipal,Peatón Atropellado,Femenino,73,Peatón,Autónomo (Peatón),Motocicleta,No aplica,No aplica
2016-02-18T00:00:00.000,jueves,1899-12-31T22:23:00.000,4,Municipal,Colisión con Objeto Móvil,Masculino,21,Conductor Moto,Motocicleta,Motocicleta,No aplica,No aplica
2016-03-02T00:00:00.000,miércoles,1899-12-31T14:57:00.000,7,Municipal,Peatón Atropellado,Femenino,82,Peatón,Autónomo (Peatón),Taxi,No aplica,No aplica
2016-03-07T00:00:00.000,lunes,1899-12-31T18:25:00.000,6,Municipal,Peatón Atropellado,Masculino,62,Peatón,Autónomo (Peatón),Motocicleta,No aplica,No aplica
2016-03-08T00:00:00.000,martes,1899-12-31T21:40:00.000,6,Municipal,Colisión con Objeto Móvil,Masculino,25,Conductor Moto,Motocicleta,Motocicleta,No aplica,No aplica
2016-03-12T00:00:00.000,sábado,1899-12-31T03:14:00.000,2,Municipal,Colisión con Objeto Fijo,Masculino,44,Conductor Vehículo,Vehiculo particular,No aplica,No aplica,No aplica
2016-03-16T00:00:00.000,miércoles,1899-12-31T21:33:00.000,El Caguán,Municipal,Colisión con Objeto Fijo,Masculino,48,Conductor Moto,Motocicleta,No aplica,No aplica,No aplica
2016-03-18T00:00:00.000,viernes,1899-12-31T07:57:00.000,3,Municipal,Ciclista Atropellado,Masculino,65,Ciclista,Bicicleta,Motocicleta,No aplica,No aplica
2016-03-29T00:00:00.000,martes,1899-12-31T19:38:00.000,Ninguna,Municipal,Colisión con Objeto Móvil,Masculino,52,Conductor Moto,Motocicleta,Bicicleta,No aplica,No aplica
2016-04-01T00:00:00.000,viernes,1899-12-31T00:00:00.000,4,Municipal,Colisión con Objeto Móvil,Masculino,24,Conductor Moto,Motocicleta,Motocicleta,No aplica,No aplica
2016-04-13T00:00:00.000,miércoles,1899-12-31T00:22:00.000,6,Municipal,Peatón Atropellado,Masculino,7,Peatón,Autónomo (Peatón),Motocicleta,No aplica,No aplica
2016-04-13T00:00:00.000,miércoles,1899-12-31T06:48:00.000,2,Municipal,Colisión con Objeto Fijo,Femenino,41,Conductor Moto,Motocicleta,No aplica,No aplica,No aplica
2016-04-28T00:00:00.000,jueves,1899-12-31T05:07:00.000,1,Municipal,Colisión con Objeto Fijo,Masculino,23,Pasajero Moto,Motocicleta,No aplica,No aplica,No aplica
2016-04-28T00:00:00.000,jueves,1899-12-31T05:07:00.000,1,Municipal,Colisión con Objeto Fijo,Masculino,29,Conductor Moto,Motocicleta,No aplica,No aplica,No aplica
2016-04-30T00:00:00.000,sábado,1899-12-31T00:00:00.000,7,Municipal,Peatón Atropellado,Masculino,85,Peatón,Autónomo (Peatón),Motocicleta,No aplica,No aplica
2016-05-09T00:00:00.000,lunes,1899-12-31T07:38:00.000,6,Municipal,Colisión con Objeto Móvil,Femenino,21,Pasajero Vehículo,Vehiculo particular,Vehiculo particular,Motocicleta,No aplica
2016-05-09T00:00:00.000,lunes,1899-12-31T07:38:00.000,6,Municipal,Colisión con Objeto Móvil,Masculino,23,Pasajero Vehículo,Vehiculo particular,Vehiculo particular,Motocicleta,No aplica
2016-05-09T00:00:00.000,lunes,1899-12-31T07:38:00.000,6,Municipal,Colisión con Objeto Móvil,Masculino,56,Conductor Moto,Motocicleta,Vehiculo particular,Vehiculo particular,No aplica
2016-05-10T00:00:00.000,martes,1899-12-31T00:00:00.000,10,Municipal,Caída de Ocupante,Femenino,66,Pasajero Externo,Microbus/Busetón,No aplica,No aplica,No aplica
2016-05-11T00:00:00.000,miércoles,1899-12-31T16:40:00.000,El Caguán,Municipal,Ciclista Atropellado,Masculino,59,Ciclista,Bicicleta,Motocicleta,No aplica,No aplica
2016-05-17T00:00:00.000,martes,1899-12-31T00:00:00.000,7,Municipal,Colisión con Objeto Móvil,Femenino,58,Pasajero Moto,Motocicleta,Vehiculo particular,No aplica,No aplica
2016-05-23T00:00:00.000,lunes,1899-12-31T10:35:00.000,4,Municipal,Peatón Atropellado,Masculino,50,Peatón,Autónomo (Peatón),Motocicleta,No aplica,No aplica
2016-06-06T00:00:00.000,lunes,1899-12-31T12:40:00.000,5,Municipal,Peatón Atropellado,Masculino,32,Peatón,Autónomo (Peatón),Motocicleta,No aplica,No aplica
2016-06-12T00:00:00.000,domingo,1899-12-31T04:00:00.000,3,Municipal,Colisión con Objeto Móvil,Masculino,34,Conductor Moto,Motocicleta,No aplica,No aplica,No aplica
2016-06-17T00:00:00.000,viernes,1899-12-31T00:00:00.000,2,Municipal,Colisión con Objeto Fijo,Masculino,28,Conductor Moto,Motocicleta,No aplica,No aplica,No aplica
2016-06-17T00:00:00.000,viernes,1899-12-31T22:45:00.000,6,Municipal,Caída de Ocupante,Masculino,49,Conductor Moto,Motocicleta,Motocicleta,No aplica,No aplica
2016-06-18T00:00:00.000,sábado,1899-12-31T23:48:00.000,4,Municipal,Colisión con Objeto Móvil,Masculino,32,Conductor Moto,Motocicleta,Vehiculo particular,No aplica,No aplica
2016-06-19T00:00:00.000,domingo,1899-12-31T13:38:00.000,4,Municipal,Colisión con Objeto Móvil,Masculino,22,Conductor Moto,Motocicleta,Microbus/Busetón,No aplica,No aplica
2016-06-19T00:00:00.000,domingo,1899-12-31T09:37:00.000,7,Municipal,Colisión con Objeto Móvil,Masculino,10,Pasajero Moto,Motocicleta,Camión/Camioneta,No aplica,No aplica
2016-07-02T00:00:00.000,sábado,1899-12-31T21:00:00.000,5,Municipal,Colisión con Objeto Fijo,Masculino,52,Conductor Moto,Motocicleta,No aplica,No aplica,No aplica
2016-07-03T00:00:00.000,domingo,1899-12-31T13:30:00.000,5,Municipal,Colisión con Objeto Fijo,Masculino,25,Conductor Moto,Motocicleta,No aplica,No aplica,No aplica
2016-07-08T00:00:00.000,viernes,1899-12-31T13:00:00.000,4,Municipal,Peatón Atropellado,Masculino,76,Peatón,Autónomo (Peatón),Camión/Camioneta,No aplica,No aplica
2016-07-08T00:00:00.000,viernes,1899-12-31T06:30:00.000,6,Municipal,Peatón Atropellado,Femenino,64,Peatón,Autónomo (Peatón),Motocicleta,No aplica,No aplica
2016-07-12T00:00:00.000,martes,1899-12-31T12:11:00.000,3,Municipal,Colisión con Objeto Móvil,Femenino,22,Conductor Moto,Motocicleta,Motocicleta,No aplica,No aplica
2016-07-17T00:00:00.000,domingo,1899-12-31T03:00:00.000,6,Municipal,Colisión con Objeto Fijo,Masculino,25,Conductor Moto,Motocicleta,No aplica,No aplica,No aplica
2016-07-20T00:00:00.000,miércoles,1899-12-31T14:30:00.000,10,Municipal,Colisión con Objeto Fijo,Masculino,31,Conductor Moto,Motocicleta,No aplica,No aplica,No aplica
2016-08-11T00:00:00.000,jueves,1899-12-31T15:19:00.000,4,Municipal,Colisión con Objeto Móvil,Masculino,61,Conductor Moto,Motocicleta,Camión/Camioneta,No aplica,No aplica
2016-08-16T00:00:00.000,martes,1899-12-31T09:51:00.000,6,Municipal,Volcamiento,Masculino,22,Conductor Moto,Motocicleta,Motocicleta,No aplica,No aplica
2016-08-27T00:00:00.000,sábado,1899-12-31T13:30:00.000,Guacirco,Nacional,Colisión con Objeto Móvil,N/E,0,Pasajero Moto,Motocicleta,Tractomula,No aplica,No aplica
2016-08-27T00:00:00.000,sábado,1899-12-31T13:30:00.000,Guacirco,Nacional,Colisión con Objeto Móvil,Masculino,21,Conductor Moto,Motocicleta,Tractomula,No aplica,No aplica
2016-08-28T00:00:00.000,domingo,1899-12-31T00:30:00.000,El Caguán,Municipal,Colisión con Objeto Móvil,Masculino,19,Pasajero Moto,Motocicleta,Vehiculo particular,No aplica,No aplica
2016-08-28T00:00:00.000,domingo,1899-12-31T00:30:00.000,El Caguán,Municipal,Colisión con Objeto Móvil,Masculino,25,Conductor Moto,Motocicleta,Vehiculo particular,No aplica,No aplica
2016-09-05T00:00:00.000,lunes,1899-12-31T02:58:00.000,6,Municipal,Peatón Atropellado,Masculino,20,Peatón,Autónomo (Peatón),Motocicleta,No aplica,No aplica
2016-09-17T00:00:00.000,sábado,1899-12-31T02:32:00.000,6,Municipal,Colisión con Objeto Fijo,Masculino,20,Conductor Moto,Motocicleta,No aplica,No aplica,No aplica
2016-10-06T00:00:00.000,jueves,1899-12-31T03:40:00.000,3,Municipal,Colisión con Objeto Fijo,Masculino,22,Conductor Moto,Motocicleta,No aplica,No aplica,No aplica
2016-10-16T00:00:00.000,domingo,1899-12-31T09:18:00.000,3,Municipal,Colisión con Objeto Móvil,Masculino,29,Conductor Moto,Motocicleta,Vehiculo particular,No aplica,No aplica
2016-10-16T00:00:00.000,domingo,1899-12-31T05:55:00.000,6,Departamental,Colisión con Objeto Móvil,Masculino,24,Conductor Moto,Motocicleta,Vehiculo particular,No aplica,No aplica
2016-10-18T00:00:00.000,martes,1899-12-31T10:15:00.000,7,Municipal,Colisión con Objeto Móvil,Masculino,48,Conductor Moto,Motocicleta,Vehiculo particular,No aplica,No aplica
2016-10-22T00:00:00.000,sábado,1899-12-31T17:27:00.000,Ninguna,Nacional,Colisión con Objeto Fijo,Masculino,85,Conductor Moto,Motocicleta,No aplica,No aplica,No aplica
2016-11-05T00:00:00.000,sábado,1899-12-31T23:56:00.000,El Caguán,Municipal,Peatón Atropellado,Femenino,79,Peatón,Autónomo (Peatón),Motocicleta,No aplica,No aplica
2016-11-07T00:00:00.000,lunes,1899-12-31T12:37:00.000,6,Municipal,Colisión con Objeto Móvil,Masculino,17,Conductor Moto,Motocicleta,Microbus/Busetón,No aplica,No aplica
2016-11-09T00:00:00.000,miércoles,1899-12-31T15:43:00.000,4,Municipal,Peatón Atropellado,Femenino,87,Peatón,Autónomo (Peatón),Motocicleta,No aplica,No aplica
2016-11-26T00:00:00.000,sábado,1899-12-31T20:31:00.000,3,Municipal,Volcamiento,Masculino,29,Conductor Moto,Motocicleta,No aplica,No aplica,No aplica
2016-12-03T00:00:00.000,sábado,1899-12-31T23:00:00.000,10,Municipal,Colisión con Objeto Fijo,Femenino,21,Pasajero Moto,Motocicleta,No aplica,No aplica,No aplica
2016-12-23T00:00:00.000,viernes,1899-12-31T04:40:00.000,4,Municipal,Colisión con Objeto Fijo,Masculino,38,Conductor Moto,Motocicleta,No aplica,No aplica,No aplica
2016-12-29T00:00:00.000,jueves,1899-12-31T07:35:00.000,4,Municipal,Colisión con Objeto Fijo,Femenino,27,Conductor Moto,Motocicleta,No aplica,No aplica,No aplica
2017-01-01T00:00:00.000,domingo,1899-12-31T05:26:00.000,4,Municipal,Colisión con Objeto Fijo,Masculino,36,Conductor Moto,Motocicleta,No aplica,No aplica,No aplica
2017-01-01T00:00:00.000,domingo,1899-12-31T08:00:00.000,El Caguán,Municipal,Colisión con Objeto Fijo,Masculino,12,Pasajero Vehículo,Vehiculo particular,No aplica,No aplica,No aplica
2017-01-01T00:00:00.000,domingo,1899-12-31T08:00:00.000,El Caguán,Municipal,Colisión con Objeto Fijo,Masculino,32,Conductor Vehículo,Vehiculo particular,No aplica,No aplica,No aplica
2017-01-01T00:00:00.000,domingo,1899-12-31T08:10:00.000,3,Municipal,Colisión con Objeto Móvil,Masculino,54,Conductor Moto,Motocicleta,Motocicleta,No aplica,No aplica
2017-01-16T00:00:00.000,lunes,1899-12-31T15:11:00.000,5,Municipal,Colisión con Objeto Móvil,Masculino,82,Ciclista,Bicicleta,Motocicleta,No aplica,No aplica
2017-02-12T00:00:00.000,domingo,1899-12-31T17:35:00.000,1,Municipal,Peatón Atropellado,Femenino,68,Peatón,Autónomo (Peatón),Vehiculo particular,No aplica,No aplica
2017-02-19T00:00:00.000,domingo,1899-12-31T03:35:00.000,6,Municipal,Colisión con Objeto Fijo,Masculino,25,Conductor Moto,Motocicleta,No aplica,No aplica,No aplica
2017-03-04T00:00:00.000,sábado,1899-12-31T13:54:00.000,3,Municipal,Colisión con Objeto Móvil,Masculino,48,Ciclista,Bicicleta,Motocicleta,No aplica,No aplica
2017-04-13T00:00:00.000,jueves,1899-12-31T23:21:00.000,6,Municipal,Peatón Atropellado,Masculino,67,Peatón,Autónomo (Peatón),Microbus/Busetón,No aplica,No aplica
2017-04-19T00:00:00.000,miércoles,1899-12-31T09:05:00.000,6,Municipal,Colisión con Objeto Móvil,Femenino,25,Conductor Moto,Motocicleta,Autónomo (Peatón),No aplica,No aplica
2017-04-23T00:00:00.000,domingo,1899-12-31T22:00:00.000,6,Municipal,Colisión con Objeto Móvil,Masculino,29,Conductor Moto,Motocicleta,Vehiculo particular,No aplica,No aplica
2017-05-23T00:00:00.000,martes,1899-12-31T13:30:00.000,6,Municipal,Peatón Atropellado,Masculino,84,Peatón,Autónomo (Peatón),Motocicleta,No aplica,No aplica
2017-05-23T00:00:00.000,martes,1899-12-31T18:32:00.000,6,Municipal,Peatón Atropellado,Masculino,82,Peatón,Autónomo (Peatón),Motocicleta,No aplica,No aplica
2017-06-04T00:00:00.000,domingo,1899-12-31T04:30:00.000,El Caguán,Municipal,Colisión con Objeto Fijo,Masculino,29,Conductor Moto,Motocicleta,No aplica,No aplica,No aplica
2017-06-04T00:00:00.000,domingo,1899-12-31T18:09:00.000,6,Municipal,Colisión con Objeto Móvil,Femenino,65,Pasajero Vehículo,Vehiculo particular,Vehiculo particular,Microbus/Busetón,No aplica
2017-06-04T00:00:00.000,domingo,1899-12-31T18:09:00.000,6,Municipal,Colisión con Objeto Móvil,Masculino,70,Conductor Vehículo,Vehiculo particular,Vehiculo particular,Microbus/Busetón,No aplica
2017-06-07T00:00:00.000,miércoles,1899-12-31T16:45:00.000,7,Municipal,Colisión con Objeto Móvil,Masculino,24,Conductor Moto,Motocicleta,Vehiculo particular,Camión/Camioneta,No aplica
2017-06-11T00:00:00.000,domingo,1899-12-31T00:18:00.000,Rio de la Ceibas,Municipal,Volcamiento,Masculino,17,Conductor Vehículo,Vehiculo particular,No aplica,No aplica,No aplica
2017-06-12T00:00:00.000,lunes,1899-12-31T13:30:00.000,3,Municipal,Peatón Atropellado,Masculino,50,Peatón,Autónomo (Peatón),Motocicleta,No aplica,No aplica
2017-06-17T00:00:00.000,sábado,1899-12-31T19:08:00.000,El Caguán,Municipal,Colisión con Objeto Móvil,Masculino,31,Conductor Moto,Motocicleta,Camión/Camioneta,No aplica,No aplica
2017-06-19T00:00:00.000,lunes,1899-12-31T08:28:00.000,2,Municipal,Colisión con Objeto Fijo,Femenino,53,Pasajero Vehículo,Vehiculo particular,Tractomula,No aplica,No aplica
2017-06-27T00:00:00.000,martes,1899-12-31T05:53:00.000,3,Municipal,Peatón Atropellado,Masculino,90,Peatón,Autónomo (Peatón),Motocicleta,No aplica,No aplica
2017-06-30T00:00:00.000,viernes,1899-12-31T05:00:00.000,Guacirco,Nacional,Colisión con Objeto Móvil,Masculino,14,Pasajero Moto,Motocicleta,Vehiculo particular,No aplica,No aplica
2017-06-30T00:00:00.000,viernes,1899-12-31T05:00:00.000,Guacirco,Nacional,Colisión con Objeto Móvil,Masculino,33,Conductor Moto,Motocicleta,Vehiculo particular,No aplica,No aplica
2017-07-02T00:00:00.000,domingo,1899-12-31T09:45:00.000,6,Municipal,Colisión con Objeto Móvil,Masculino,23,Conductor Moto,Motocicleta,Microbus/Busetón,No aplica,No aplica
2017-07-09T00:00:00.000,domingo,Sn dato,1,Municipal,Colisión con Objeto Fijo,Masculino,39,Conductor Moto,Motocicleta,No aplica,No aplica,No aplica
2017-07-16T00:00:00.000,domingo,1899-12-31T08:55:00.000,4,Municipal,Colisión con Objeto Móvil,Masculino,48,Conductor Moto,Motocicleta,Taxi,No aplica,No aplica
2017-07-23T00:00:00.000,domingo,1899-12-31T05:05:00.000,El Caguán,Municipal,Colisión con Objeto Fijo,Masculino,32,Conductor Moto,Motocicleta,No aplica,No aplica,No aplica
2017-07-24T00:00:00.000,lunes,1899-12-31T12:15:00.000,9,Municipal,Colisión con Objeto Móvil,Masculino,61,Ciclista,Bicicleta,Camión/Camioneta,No aplica,No aplica
2017-08-26T00:00:00.000,sábado,Sin dato,9,Municipal,Peatón Atropellado,Femenino,56,Peatón,Autónomo (Peatón),Motocicleta,No aplica,No aplica
2017-08-31T00:00:00.000,jueves,1899-12-31T23:32:00.000,1,Municipal,Colisión con Objeto Móvil,Masculino,35,Conductor Vehículo,Vehiculo particular,Motocicleta,No aplica,No aplica
2017-09-17T00:00:00.000,domingo,1899-12-31T20:17:00.000,6,Municipal,Colisión con Objeto Fijo,Masculino,32,Conductor Moto,Motocicleta,No aplica,No aplica,No aplica
2017-09-23T00:00:00.000,sábado,1899-12-31T17:01:00.000,1,Municipal,Colisión con Objeto Fijo,Masculino,56,Conductor Moto,Motocicleta,Vehiculo particular,No aplica,No aplica
2017-09-24T00:00:00.000,domingo,1899-12-31T18:30:00.000,Guacirco,Nacional,Colisión con Objeto Móvil,Masculino,58,Conductor Moto,Motocicleta,Microbus/Busetón,No aplica,No aplica
2017-10-06T00:00:00.000,viernes,1899-12-31T23:10:00.000,1,Municipal,Caída de Ocupante,Masculino,58,Pasajero Moto,Motocicleta,No aplica,No aplica,No aplica
2017-10-15T00:00:00.000,domingo,1899-12-31T21:20:00.000,5,Municipal,Colisión con Objeto Fijo,Masculino,28,Conductor Moto,Motocicleta,No aplica,No aplica,No aplica
2017-10-21T00:00:00.000,sábado,1899-12-31T18:19:00.000,10,Municipal,Colisión con Objeto Móvil,Masculino,18,Conductor Moto,Motocicleta,Microbus/Busetón,No aplica,No aplica
2017-10-22T00:00:00.000,domingo,1899-12-31T12:57:00.000,2,Municipal,Peatón Atropellado,Masculino,6,Peatón,Autónomo (Peatón),Vehiculo particular,No aplica,No aplica
2017-11-03T00:00:00.000,viernes,1899-12-31T07:25:00.000,6,Municipal,Colisión con Objeto Móvil,Masculino,76,Ciclista,Bicicleta,Motocicleta,No aplica,No aplica
2017-11-24T00:00:00.000,viernes,1899-12-31T18:27:00.000,5,Municipal,Colisión con Objeto Móvil,Masculino,50,Ciclista,Bicicleta,Microbus/Busetón,No aplica,No aplica
2017-11-30T00:00:00.000,jueves,1899-12-31T08:28:00.000,4,Municipal,Peatón Atropellado,Masculino,74,Peatón,Autónomo (Peatón),Motocicleta,No aplica,No aplica
2017-12-14T00:00:00.000,jueves,1899-12-31T20:03:00.000,4,Municipal,Peatón Atropellado,Masculino,31,Peatón,Autónomo (Peatón),Vehiculo particular,No aplica,No aplica
2017-12-14T00:00:00.000,jueves,1899-12-31T19:04:00.000,4,Municipal,Colisión con Objeto Móvil,Masculino,29,Conductor Moto,Motocicleta,Vehiculo particular,No aplica,No aplica
2017-12-17T00:00:00.000,domingo,1899-12-31T17:43:00.000,3,Municipal,Colisión con Objeto Fijo,Masculino,22,Conductor Moto,Motocicleta,Lancha/otro,No aplica,No aplica
2017-12-25T00:00:00.000,lunes,1899-12-31T22:17:00.000,6,Municipal,Colisión con Objeto Fijo,Masculino,33,Conductor Vehículo,Camión/Camioneta,Lancha/otro,No aplica,No aplica
2018-01-05T00:00:00.000,viernes,1899-12-31T13:08:00.000,4,Municipal,Peatón Atropellado,Masculino,94,Peatón,Autónomo (Peatón),Vehiculo particular,No aplica,No aplica
2018-01-06T00:00:00.000,sábado,1899-12-31T17:35:00.000,3,Municipal,Colisión con Objeto Móvil,Masculino,25,Conductor Moto,Motocicleta,Vehiculo particular,No aplica,No aplica
2018-01-31T00:00:00.000,miércoles,1899-12-31T11:59:00.000,10,Municipal,Colisión con Objeto Móvil,Masculino,23,Sin Dato,Motocicleta,Vehiculo particular,No aplica,No aplica
2018-02-07T00:00:00.000,miércoles,1899-12-31T17:12:00.000,4,Municipal,Peatón Atropellado,Masculino,60,Peatón,Autónomo (Peatón),Motocicleta,No aplica,No aplica
2018-02-18T00:00:00.000,domingo,1899-12-31T02:15:00.000,1,Municipal,Colisión con Objeto Móvil,Femenino,20,Conductor Moto,Motocicleta,Vehiculo particular,No aplica,No aplica
2018-02-19T00:00:00.000,lunes,1899-12-31T15:59:00.000,4,Municipal,Colisión con Objeto Móvil,Masculino,61,Conductor Moto,Motocicleta,Taxi,No aplica,No aplica
2018-02-26T00:00:00.000,lunes,1899-12-31T07:22:00.000,6,Municipal,Caída de Ocupante,Femenino,62,Pasajero Moto,Motocicleta,No aplica,No aplica,No aplica
2018-03-14T00:00:00.000,miércoles,1899-12-31T15:51:00.000,4,Municipal,Peatón Atropellado,Femenino,55,Peatón,Autónomo (Peatón),Microbus/Busetón,No aplica,No aplica
2018-04-05T00:00:00.000,jueves,1899-12-31T04:50:00.000,3,Municipal,Colisión con Objeto Fijo,Masculino,38,Conductor Moto,Motocicleta,No aplica,No aplica,No aplica
2018-04-11T00:00:00.000,miércoles,1899-12-31T19:05:00.000,2,Municipal,Peatón Atropellado,Femenino,3,Peatón,Autónomo (Peatón),Vehiculo particular,No aplica,No aplica
2018-04-12T00:00:00.000,jueves,1899-12-31T17:46:00.000,4,Municipal,Peatón Atropellado,Masculino,64,Peatón,Autónomo (Peatón),Microbus/Busetón,No aplica,No aplica
2018-04-15T00:00:00.000,domingo,1899-12-31T19:30:00.000,Guacirco,Nacional,Colisión con Objeto Móvil,Masculino,38,Conductor Moto,Motocicleta,Camión/Camioneta,No aplica,No aplica
2018-04-28T00:00:00.000,sábado,1899-12-31T04:23:00.000,1,Municipal,Volcamiento,Masculino,21,Conductor Moto,Motocicleta,No aplica,No aplica,No aplica
2018-04-28T00:00:00.000,sábado,1899-12-31T18:30:00.000,Vegalarga,Municipal,Volcamiento,Masculino,59,Conductor Moto,Motocicleta,No aplica,No aplica,No aplica
2018-05-12T00:00:00.000,sábado,1899-12-31T06:14:00.000,4,Municipal,Colisión con Objeto Móvil,Femenino,74,Peatón,Autónomo (Peatón),Motocicleta,No aplica,No aplica
2018-05-15T00:00:00.000,martes,1899-12-31T06:55:00.000,6,Municipal,Colisión con Objeto Móvil,Femenino,50,Peatón,Autónomo (Peatón),Motocicleta,No aplica,No aplica
2018-05-30T00:00:00.000,miércoles,1899-12-31T00:00:00.000,Ninguna,Municipal,Caída de Ocupante,Masculino,86,Pasajero Vehículo,Autónomo (Peatón),Microbus/Busetón,No aplica,No aplica
2018-06-01T00:00:00.000,viernes,1899-12-31T05:09:00.000,3,Municipal,Colisión con Objeto Móvil,Masculino,24,Conductor Moto,Motocicleta,Motocicleta,No aplica,No aplica
2018-06-02T00:00:00.000,sábado,1899-12-31T19:02:00.000,5,Municipal,Peatón Atropellado,Masculino,68,Peatón,Autónomo (Peatón),Motocicleta,No aplica,No aplica
2018-06-08T00:00:00.000,viernes,1899-12-31T12:56:00.000,1,Municipal,Colisión con Objeto Móvil,Masculino,29,Conductor Moto,Motocicleta,Tractomula,No aplica,No aplica
2018-06-10T00:00:00.000,domingo,1899-12-31T01:06:00.000,6,Municipal,Volcamiento,Masculino,39,Conductor Moto,Motocicleta,No aplica,No aplica,No aplica
2018-06-20T00:00:00.000,miércoles,1899-12-31T06:35:00.000,2,Municipal,Peatón Atropellado,Masculino,73,Peatón,Autónomo (Peatón),Motocicleta,No aplica,No aplica
2018-06-21T00:00:00.000,jueves,1899-12-31T08:11:00.000,9,Municipal,Volcamiento,Masculino,37,Conductor Moto,Motocicleta,No aplica,No aplica,No aplica
2018-06-26T00:00:00.000,martes,Sin dato,2,Municipal,Colisión con Objeto Móvil,Masculino,50,Conductor Moto,Motocicleta,Autónomo (Peatón),No aplica,No aplica
2018-06-27T00:00:00.000,miércoles,1899-12-31T13:00:00.000,3,Municipal,Peatón Atropellado,Masculino,81,Peatón,Autónomo (Peatón),Motocicleta,No aplica,No aplica
2018-06-30T00:00:00.000,sábado,1899-12-31T01:20:00.000,Guacirco,Nacional,Colisión con Objeto Móvil,Masculino,19,Conductor Moto,Motocicleta,Animales,No aplica,No aplica
2018-07-01T00:00:00.000,domingo,1899-12-31T21:28:00.000,4,Municipal,Peatón Atropellado,Masculino,77,Peatón,Autónomo (Peatón),Vehiculo particular,No aplica,No aplica
2018-07-12T00:00:00.000,jueves,1899-12-31T09:43:00.000,4,Municipal,Peatón Atropellado,Femenino,64,Peatón,Autónomo (Peatón),Motocicleta,No aplica,No aplica
2018-07-23T00:00:00.000,lunes,1899-12-31T05:24:00.000,El Caguán,Municipal,Colisión con Objeto Móvil,Masculino,42,Conductor Moto,Motocicleta,Motocicleta,No aplica,No aplica
2018-07-26T00:00:00.000,jueves,Sin dato,4,Municipal,Sin Dato,Masculino,55,Sin Dato,Sin dato,Sin dato,Sin dato,Sin dato
2018-08-06T00:00:00.000,lunes,1899-12-31T12:34:00.000,2,Municipal,Peatón Atropellado,Masculino,60,Peatón,Autónomo (Peatón),Motocicleta,No aplica,No aplica
2018-08-21T00:00:00.000,martes,1899-12-31T13:36:00.000,7,Municipal,Colisión con Objeto Móvil,Masculino,26,Ciclista,Bicicleta,Microbus/Busetón,No aplica,No aplica
2018-08-28T00:00:00.000,martes,1899-12-31T00:00:00.000,4,Municipal,Colisión con Objeto Móvil,Masculino,17,Ciclista,Bicicleta,Camión/Camioneta,No aplica,No aplica
2018-09-01T00:00:00.000,sábado,1899-12-31T16:15:00.000,9,Municipal,Colisión con Objeto Móvil,Masculino,41,Conductor Moto,Motocicleta,Vehiculo particular,No aplica,No aplica
2018-09-01T00:00:00.000,sábado,1899-12-31T23:15:00.000,Fortalecillas,Municipal,Colisión con Objeto Fijo,Femenino,55,Conductor Moto,Motocicleta,No aplica,No aplica,No aplica
2018-09-01T00:00:00.000,sábado,1899-12-31T16:05:00.000,9,Municipal,Peatón Atropellado,Masculino,62,Peatón,Autónomo (Peatón),Motocicleta,No aplica,No aplica
2018-09-05T00:00:00.000,miércoles,1899-12-31T08:20:00.000,10,Municipal,Colisión con Objeto Fijo,Masculino,20,Conductor Moto,Motocicleta,No aplica,No aplica,No aplica
2018-09-07T00:00:00.000,viernes,1899-12-31T13:50:00.000,1,Municipal,Colisión con Objeto Móvil,Masculino,11,Ciclista,Bicicleta,Camión/Camioneta,No aplica,No aplica
2018-09-14T00:00:00.000,viernes,1899-12-31T23:42:00.000,8,Municipal,Colisión con Objeto Fijo,Masculino,24,Conductor Moto,Motocicleta,No aplica,No aplica,No aplica
2018-09-17T00:00:00.000,lunes,1899-12-31T19:13:00.000,5,Municipal,Peatón Atropellado,Femenino,47,Peatón,Autónomo (Peatón),Motocicleta,No aplica,No aplica
2018-10-06T00:00:00.000,sábado,1899-12-31T21:50:00.000,3,Municipal,Colisión con Objeto Fijo,Masculino,20,Conductor Moto,Motocicleta,No aplica,No aplica,No aplica
2018-10-12T00:00:00.000,viernes,1899-12-31T14:40:00.000,6,Municipal,Colisión con Objeto Móvil,Femenino,16,Conductor Moto,Motocicleta,Camión/Camioneta,No aplica,No aplica
2018-11-30T00:00:00.000,viernes,1899-12-31T16:51:00.000,4,Municipal,Peatón Atropellado,Masculino,84,Peatón,Autónomo (Peatón),Motocicleta,No aplica,No aplica
2018-12-02T00:00:00.000,domingo,1899-12-31T12:35:00.000,6,Municipal,Colisión con Objeto Fijo,Femenino,46,Pasajero Moto,Motocicleta,Vehiculo particular,No aplica,No aplica
2018-12-02T00:00:00.000,domingo,1899-12-31T12:35:00.000,6,Municipal,Colisión con Objeto Móvil,Masculino,49,Conductor Moto,Motocicleta,Vehiculo particular,No aplica,No aplica
2018-12-06T00:00:00.000,jueves,1899-12-31T19:30:00.000,Guacirco,Nacional,Colisión con Objeto Móvil,Masculino,46,Conductor Moto,Motocicleta,Camión/Camioneta,No aplica,No aplica
2018-12-16T00:00:00.000,domingo,1899-12-31T00:00:00.000,1,Municipal,Peatón Atropellado,Femenino,90,Peatón,Autónomo (Peatón),Sin dato,No aplica,No aplica
2018-12-17T00:00:00.000,lunes,1899-12-31T00:00:00.000,6,Municipal,Colisión con Objeto Móvil,Femenino,50,Pasajero Moto,Motocicleta,Motocicleta,No aplica,No aplica
2018-12-26T00:00:00.000,miércoles,1899-12-31T16:37:00.000,4,Municipal,Peatón Atropellado,Masculino,61,Peatón,Autónomo (Peatón),Motocicleta,No aplica,No aplica
2019-01-16T00:00:00.000,miércoles,1899-12-31T09:35:00.000,4,Municipal,Colisión con Objeto Móvil,Masculino,63,Ciclista,Bicicleta,Tractomula,No aplica,No aplica
2019-01-18T00:00:00.000,viernes,1899-12-31T00:38:00.000,10,Municipal,Colisión con Objeto Móvil,Masculino,80,Peatón,Autónomo (Peatón),Motocicleta,No aplica,No aplica
2019-01-27T00:00:00.000,domingo,1899-12-31T07:39:00.000,4,Municipal,Colisión con Objeto Móvil,Masculino,54,Conductor Moto,Motocicleta,Microbus/Busetón,No aplica,No aplica
2019-02-10T00:00:00.000,domingo,1899-12-31T20:18:00.000,1,Municipal,Peatón Atropellado,Femenino,55,Peatón,Autónomo (Peatón),Motocicleta,No aplica,No aplica
2019-02-28T00:00:00.000,jueves,1899-12-31T09:45:00.000,4,Municipal,Colisión con Objeto Móvil,Masculino,21,Conductor Moto,Motocicleta,Microbus/Busetón,No aplica,No aplica
2019-03-02T00:00:00.000,sábado,1899-12-31T01:18:00.000,2,Municipal,Colisión con Objeto Móvil,Masculino,28,Pasajero Moto,Motocicleta,Camión/Camioneta,No aplica,No aplica
2019-03-02T00:00:00.000,sábado,1899-12-31T01:18:00.000,2,Municipal,Colisión con Objeto Móvil,Masculino,29,Conductor Moto,Motocicleta,Camión/Camioneta,No aplica,No aplica
2019-03-02T00:00:00.000,sábado,1899-12-31T05:25:00.000,6,Municipal,Peatón Atropellado,Femenino,23,Peatón,Autónomo (Peatón),Camión/Camioneta,No aplica,No aplica
2019-03-11T00:00:00.000,lunes,1899-12-31T05:24:00.000,6,Municipal,Peatón Atropellado,Masculino,15,Peatón,Autónomo (Peatón),Motocicleta,No aplica,No aplica
2019-03-14T00:00:00.000,jueves,1899-12-31T00:00:00.000,5,Municipal,Colisión con Objeto Móvil,Masculino,26,Conductor Moto,Motocicleta,Vehiculo particular,No aplica,No aplica
2019-03-15T00:00:00.000,viernes,1899-12-31T23:30:00.000,8,Municipal,Volcamiento,Masculino,20,Conductor Moto,No aplica,No aplica,No aplica,No aplica
2019-03-30T00:00:00.000,sábado,1899-12-31T12:56:00.000,5,Municipal,Colisión con Objeto Móvil,Femenino,23,Conductor Moto,Motocicleta,Camión/Camioneta,No aplica,No aplica
2019-04-01T00:00:00.000,lunes,1899-12-31T11:50:00.000,6,Municipal,Peatón Atropellado,Masculino,88,Peatón,Autónomo (Peatón),Motocicleta,No aplica,No aplica
2019-04-16T00:00:00.000,martes,1899-12-31T06:00:00.000,6,Municipal,Colisión con Objeto Móvil,Masculino,36,Conductor Moto,Motocicleta,Taxi,No aplica,No aplica
2019-05-07T00:00:00.000,martes,1899-12-31T06:00:00.000,El Caguán,Municipal,Peatón Atropellado,Masculino,58,Peatón,Autónomo (Peatón),Motocicleta,No aplica,No aplica
2019-05-16T00:00:00.000,jueves,1899-12-31T00:53:00.000,7,Municipal,Colisión con Objeto Fijo,Masculino,31,Conductor Moto,Motocicleta,No aplica,No aplica,No aplica
2019-05-21T00:00:00.000,martes,1899-12-31T13:07:00.000,6,Municipal,Peatón Atropellado,Masculino,73,Peatón,Autónomo (Peatón),Microbus/Busetón,No aplica,No aplica
2019-05-26T00:00:00.000,domingo,1899-12-31T05:12:00.000,6,Municipal,Colisión con Objeto Móvil,Femenino,29,Pasajero Moto,Motocicleta,Camión/Camioneta,No aplica,No aplica
2019-05-27T00:00:00.000,lunes,1899-12-31T08:23:00.000,4,Municipal,Peatón Atropellado,Masculino,86,Peatón,Autónomo (Peatón),Sin dato,No aplica,No aplica
2019-05-28T00:00:00.000,martes,1899-12-31T08:27:00.000,Rio de la Ceibas,Municipal,Caída de Ocupante,Masculino,55,Conductor Moto,Motocicleta,No aplica,No aplica,No aplica
2019-06-02T00:00:00.000,domingo,1899-12-31T08:45:00.000,7,Municipal,Colisión con Objeto Fijo,Masculino,68,Ciclista,Bicicleta,No aplica,No aplica,No aplica
2019-06-07T00:00:00.000,viernes,1899-12-31T06:36:00.000,2,Municipal,Peatón Atropellado,Masculino,66,Peatón,Autónomo (Peatón),Motocicleta,No aplica,No aplica
2019-06-09T00:00:00.000,domingo,1899-12-31T07:47:00.000,3,Municipal,Colisión con Objeto Fijo,Masculino,21,Conductor Moto,Motocicleta,No aplica,No aplica,No aplica
2019-06-09T00:00:00.000,domingo,1899-12-31T03:00:00.000,Rio de la Ceibas,Municipal,Caída de Ocupante,Masculino,24,Pasajero Moto,Motocicleta,No aplica,No aplica,No aplica
2019-06-26T00:00:00.000,miércoles,1899-12-31T02:39:00.000,1,Municipal,Colisión con Objeto Fijo,Masculino,44,Pasajero Moto,Motocicleta,No aplica,No aplica,No aplica
2019-06-28T00:00:00.000,viernes,1899-12-31T01:30:00.000,Fortalecillas,Municipal,Caída de Ocupante,Masculino,49,Conductor Moto,Motocicleta,No aplica,No aplica,No aplica
2019-06-30T00:00:00.000,domingo,1899-12-31T22:00:00.000,Vegalarga,Municipal,Colisión con Objeto Fijo,Masculino,15,Pasajero Moto,Motocicleta,No aplica,No aplica,No aplica
2019-07-09T00:00:00.000,martes,1899-12-31T07:07:00.000,2,Municipal,Colisión con Objeto Móvil,Femenino,64,Pasajero Moto,Motocicleta,Motocicleta,No aplica,No aplica
2019-07-29T00:00:00.000,lunes,1899-12-31T06:40:00.000,2,Municipal,Peatón Atropellado,Masculino,70,Peatón,Autónomo (Peatón),Motocicleta,No aplica,No aplica
2019-07-31T00:00:00.000,miércoles,1899-12-31T00:00:00.000,5,Municipal,Colisión con Objeto Móvil,Masculino,21,Conductor Moto,Motocicleta,Motocicleta,No aplica,No aplica
2019-08-01T00:00:00.000,jueves,1899-12-31T13:16:00.000,6,Municipal,Peatón Atropellado,Masculino,85,Peatón,Autónomo (Peatón),Motocicleta,No aplica,No aplica
2019-08-17T00:00:00.000,sábado,1899-12-31T16:07:00.000,El Caguán,Municipal,Colisión con Objeto Móvil,Masculino,41,Conductor Moto,Motocicleta,Motocicleta,No aplica,No aplica
2019-08-24T00:00:00.000,sábado,1899-12-31T23:43:00.000,4,Municipal,Colisión con Objeto Móvil,Masculino,24,Conductor Moto,Motocicleta,Taxi,No aplica,No aplica
2019-08-25T00:00:00.000,domingo,1899-12-31T03:50:00.000,1,Municipal,Colisión con Objeto Fijo,Femenino,23,Conductor Moto,Motocicleta,No aplica,No aplica,No aplica
2019-08-27T00:00:00.000,martes,1899-12-31T06:56:00.000,4,Municipal,Colisión con Objeto Móvil,Masculino,17,Conductor Moto,Motocicleta,Vehiculo particular,No aplica,No aplica
2019-09-02T00:00:00.000,lunes,1899-12-31T08:12:00.000,Vegalarga,Municipal,Volcamiento,Masculino,43,Conductor Moto,Motocicleta,No aplica,No aplica,No aplica
2019-09-07T00:00:00.000,sábado,1899-12-31T05:14:00.000,5,Municipal,Colisión con Objeto Fijo,Femenino,18,Conductor Moto,Motocicleta,No aplica,No aplica,No aplica
2019-09-07T00:00:00.000,sábado,1899-12-31T07:22:00.000,1,Municipal,Colisión con Objeto Móvil,Masculino,32,Conductor Moto,Motocicleta,Camión/Camioneta,No aplica,No aplica
2019-09-14T00:00:00.000,sábado,1899-12-31T05:55:00.000,1,Municipal,Colisión con Objeto Móvil,Masculino,71,Ciclista,Bicicleta,Motocicleta,No aplica,No aplica
2019-09-14T00:00:00.000,sábado,1899-12-31T17:36:00.000,2,Municipal,Colisión con Objeto Móvil,Masculino,81,Ciclista,Bicicleta,Motocicleta,No aplica,No aplica
2019-09-23T00:00:00.000,lunes,1899-12-31T16:07:00.000,6,Municipal,Colisión con Objeto Móvil,Femenino,63,Pasajero Moto,Motocicleta,Motocicleta,No aplica,No aplica
2019-09-28T00:00:00.000,sábado,1899-12-31T20:54:00.000,6,Municipal,Colisión con Objeto Móvil,Masculino,48,Conductor Moto,Motocicleta,Tractomula,No aplica,No aplica
2019-10-01T00:00:00.000,martes,1899-12-31T08:00:00.000,5,Municipal,Colisión con Objeto Móvil,Masculino,59,Ciclista,Bicicleta,Motocicleta,No aplica,No aplica
2019-10-03T00:00:00.000,jueves,1899-12-31T01:30:00.000,3,Municipal,Colisión con Objeto Fijo,Masculino,20,Conductor Moto,Motocicleta,No aplica,No aplica,No aplica
2019-10-11T00:00:00.000,viernes,1899-12-31T04:37:00.000,4,Municipal,Colisión con Objeto Móvil,Masculino,51,Pasajero Moto,Motocicleta,Taxi,No aplica,No aplica
2019-10-13T00:00:00.000,domingo,1899-12-31T00:31:00.000,7,Municipal,Colisión con Objeto Móvil,Masculino,18,Conductor Moto,Motocicleta,Motocicleta,No aplica,No aplica
2019-10-27T00:00:00.000,domingo,1899-12-31T09:13:00.000,1,Municipal,Colisión con Objeto Fijo,Masculino,64,Conductor Moto,Motocicleta,No aplica,No aplica,No aplica
2019-10-29T00:00:00.000,martes,1899-12-31T05:26:00.000,4,Municipal,Colisión con Objeto Móvil,Masculino,53,Conductor Moto,Motocicleta,Vehiculo particular,No aplica,No aplica
2019-11-02T00:00:00.000,sábado,1899-12-31T14:00:00.000,6,Municipal,Colisión con Objeto Móvil,Masculino,24,Conductor Moto,Motocicleta,Camión/Camioneta,No aplica,No aplica
2019-11-09T00:00:00.000,sábado,1899-12-31T04:20:00.000,Guacirco,Nacional,Colisión con Objeto Fijo,Masculino,68,Pasajero Vehículo,Vehiculo particular,No aplica,No aplica,No aplica
2019-11-17T00:00:00.000,domingo,1899-12-31T03:00:00.000,6,Municipal,Colisión con Objeto Fijo,Masculino,46,Conductor Moto,Motocicleta,No aplica,No aplica,No aplica
2019-11-18T00:00:00.000,lunes,1899-12-31T00:00:00.000,6,Municipal,Colisión con Objeto Móvil,Masculino,69,Pasajero Moto,Motocicleta,Microbus/Busetón,No aplica,No aplica
2019-12-07T00:00:00.000,sábado,1899-12-31T22:35:00.000,Guacirco,Nacional,Colisión con Objeto Móvil,Masculino,46,Conductor Moto,Motocicleta,Camión/Camioneta,No aplica,No aplica
2019-12-16T00:00:00.000,lunes,1899-12-31T07:50:00.000,3,Municipal,Colisión con Objeto Móvil,Masculino,78,Pasajero Moto,Motocicleta,Motocicleta,No aplica,No aplica
2019-12-30T00:00:00.000,lunes,1899-12-31T11:30:00.000,4,Municipal,Colisión con Objeto Fijo,Masculino,53,Conductor Moto,Motocicleta,Camión/Camioneta,No aplica,No aplica
2020-01-11T00:00:00.000,sábado,1899-12-31T11:29:00.000,7,Municipal,Colisión con Objeto Móvil,Femenino,71,Pasajero Moto,Motocicleta,Motocicleta,No aplica,No aplica
2020-01-12T00:00:00.000,domingo,1899-12-31T11:00:00.000,6,Municipal,Caída de Ocupante,Masculino,30,Pasajero Vehículo,Autónomo (Peatón),Tractomula,No aplica,No aplica
2020-01-16T00:00:00.000,jueves,1899-12-31T00:00:00.000,5,Municipal,Peatón Atropellado,Masculino,80,Peatón,Autónomo (Peatón),Motocicleta,No aplica,No aplica
2020-01-21T00:00:00.000,martes,1899-12-31T23:05:00.000,6,Municipal,Peatón Atropellado,Femenino,75,Peatón,Autónomo (Peatón),Motocicleta,No aplica,No aplica
2020-01-22T00:00:00.000,miércoles,1899-12-31T13:15:00.000,9,Municipal,Volcamiento,Masculino,64,Conductor Moto,Motocicleta,Camión/Camioneta,No aplica,No aplica
2020-01-23T00:00:00.000,jueves,1899-12-31T15:15:00.000,6,Municipal,Peatón Atropellado,Masculino,78,Peatón,Autónomo (Peatón),Motocicleta,No aplica,No aplica
2020-01-31T00:00:00.000,viernes,1899-12-31T19:03:00.000,5,Municipal,Peatón Atropellado,Masculino,66,Peatón,Autónomo (Peatón),Vehiculo particular,No aplica,No aplica
2020-02-05T00:00:00.000,miércoles,1899-12-31T08:40:00.000,3,Municipal,Colisión con Objeto Móvil,Masculino,76,Ciclista,Bicicleta,Motocicleta,No aplica,No aplica
2020-02-08T00:00:00.000,sábado,1899-12-31T20:50:00.000,10,Municipal,Volcamiento,Masculino,56,Pasajero Moto,Motocicleta,No aplica,No aplica,No aplica
2020-03-11T00:00:00.000,martes,1899-12-31T20:21:00.000,3,Municipal,Peatón Atropellado,Masculino,68,Peatón,Autónomo (Peatón),Bicicleta,No aplica,No aplica
2020-05-25T00:00:00.000,lunes,1899-12-31T05:56:00.000,Fortalecillas,Municipal,Colisión con Objeto Fijo,Masculino,29,Conductor Moto,Motocicleta,No aplica,No aplica,No aplica
2020-06-16T00:00:00.000,martes,1899-12-31T17:30:00.000,6,Municipal,Colisión con Objeto Móvil,Masculino,28,Conductor Moto,Motocicleta,Sin dato,No aplica,No aplica
2020-07-16T00:00:00.000,jueves,1899-12-31T11:30:00.000,Fortalecillas,Municipal,Colisión con Objeto Móvil,Masculino,17,Conductor Moto,Motocicleta,Sin dato,No aplica,No aplica
2020-07-24T00:00:00.000,viernes,1899-12-31T17:10:00.000,8,Municipal,Volcamiento,Femenino,28,Conductor Moto,Motocicleta,No aplica,No aplica,No aplica
2020-08-12T00:00:00.000,miércoles,1899-12-31T19:27:00.000,7,Municipal,Sin Dato,Masculino,21,Conductor Moto,Sin dato,Sin dato,No aplica,No aplica
2020-09-09T00:00:00.000,miércoles,1899-12-31T19:27:00.000,9,Municipal,Peatón Atropellado,Masculino,83,Peatón,Autónomo (Peatón),Público,No aplica,No aplica
2020-09-22T00:00:00.000,martes,1899-12-31T15:00:00.000,3,Municipal,Colisión,Masculino,26,Conductor Moto,Motocicleta,Particular,No aplica,No aplica
2020-09-20T00:00:00.000,domingo,1899-12-31T16:04:00.000,Fortalecillas,Municipal,Colisión con objeto fijo,Masculino,24,Conductor Moto,Motocicleta,Particular,No aplica,No aplica
2020-09-26T00:00:00.000,sábado,1899-12-31T12:15:00.000,Vegalarga,Municipal,Volcamiento,Masculino,53,Pasajero,Camión/Camioneta,No aplica,No aplica,No aplica
2020-09-27T00:00:00.000,domingo,1899-12-31T04:50:00.000,8,Municipal,Colisión con objeto fijo,Masculino,25,Conductor de Moto,Motocicleta,Particular,No aplica,No aplica
2020-09-29T00:00:00.000,martes,Sin dato,1,Municipal,Colisión con objeto fijo,Femenino,53,Conductor Bicicleta,Bicicleta,Camión/Camioneta,No aplica,No aplica
2020-09-18T00:00:00.000,viernes,1899-12-31T13:30:00.000,4,Municipal,Colisión con Objeto Móvil,Masculino,22,Conductor Moto,Motocicleta,Camión/Camioneta,No aplica,No aplica
2020-10-03T00:00:00.000,sábado,1899-12-31T09:20:00.000,Guacirco,Municipal,Colisión con Objeto Móvil,Masculino,29,Conductor Moto,Motocicleta,Camión/Camioneta,No aplica,No aplica
2020-10-09T00:00:00.000,viernes,1899-12-31T05:00:00.000,6,Municipal,Peatón Atropellado,Masculino,25,Peatón,Autónomo (Peatón),Camión/Camioneta,No aplica,No aplica
2020-10-23T00:00:00.000,viernes,1899-12-31T12:10:00.000,9,Municipal,Colisión con Objeto Móvil,Masculino,32,Conductor Moto,Motocicleta,Microbus/Busetón,No aplica,No aplica
2020-10-26T00:00:00.000,lunes,1899-12-31T09:04:00.000,9,Municipal,Volcamiento,Masculino,52,Conductor Moto,Motocicleta,No aplica,No aplica,No aplica
2020-11-22T00:00:00.000,domingo,1899-12-31T11:34:00.000,1,Municipal,Colisión con objeto fijo,Masculino,43,Conductor Moto,Motocicleta,Sin dato,No aplica,No aplica
2020-12-06T00:00:00.000,domingo,1899-12-31T00:30:00.000,El Caguán,Municipal,Colisión con objeto fijo,Masculino,22,Conductor Moto,Motocicleta,No aplica,No aplica,No aplica
2020-12-15T00:00:00.000,martes,1899-12-31T19:50:00.000,El Caguán,Municipal,Colisión con objeto movil,Femenino,33,Conductor Moto,Motocicleta,Microbus/Busetón,No aplica,No aplica
2020-12-20T00:00:00.000,domingo,1899-12-31T15:03:00.000,4,Municipal,Colisión con objeto movil,Masculino,51,Conductor Moto,Motocicleta,Vehiculo particular,No aplica,No aplica
2020-12-24T00:00:00.000,jueves,1899-12-31T12:30:00.000,2,Municipal,Colisión con objeto movil,Masculino,25,Conductor Moto,Motocicleta,Motocicleta,No aplica,No aplica
2020-12-25T00:00:00.000,viernes,1899-12-31T01:04:00.000,1,Municipal,Colisión con objeto movil,Masculino,57,Conductor Moto,Motocicleta,Motocicleta,No aplica,No aplica
2020-12-31T00:00:00.000,jueves,1899-12-31T00:00:00.000,Fortalecillas,Municipal,Peatón Atropellado,Masculino,81,Peatón,Autónomo (Peatón),Motocicleta,No aplica,No aplica
2021-01-08T00:00:00.000,viernes,1899-12-31T22:40:00.000,Guacirco,Municipal,Volcamiento,Masculino,33,Conductor Moto,Motocicleta,No aplica,No aplica,No aplica
2021-02-06T00:00:00.000,sábado,1899-12-31T06:27:00.000,6,Municipal,Otra Clase de Accidente,Femenino,17,Ciclista,Bicicleta,No aplica,No aplica,No aplica
2021-02-10T00:00:00.000,miércoles,1899-12-31T20:10:00.000,6,Municipal,Colisión con objeto movil,Masculino,57,Conductor Moto,Motocicleta,Camión/Camioneta,No aplica,No aplica
2021-02-15T00:00:00.000,lunes,1899-12-31T06:30:00.000,6,Municipal,Colisión con objeto movil,Masculino,20,Pasajero Moto,Motocicleta,Vehiculo particular,No aplica,No aplica
2021-02-15T00:00:00.000,lunes,1899-12-31T08:05:00.000,6,Municipal,Colisión con objeto movil,Masculino,20,Conductor Moto,Motocicleta,Vehiculo particular,No aplica,No aplica
2021-03-07T00:00:00.000,domingo,1899-12-31T23:17:00.000,3,Municipal,Colisión con objeto fijo,Masculino,21,Conductor Moto,Motocicleta,Sin dato,No aplica,No aplica
2021-03-11T00:00:00.000,jueves,1899-12-31T23:17:00.000,1,Municipal,Volcamiento,Femenino,49,Conductor Moto,Motocicleta,No aplica,No aplica,No aplica
2021-03-13T00:00:00.000,sábado,1899-12-31T02:44:00.000,4,Municipal,Colisión con objeto fijo,Masculino,58,Ciclista,Bicicleta,Vehiculo particular,No aplica,No aplica
2021-03-13T00:00:00.000,sábado,1899-12-31T08:24:00.000,Fortalecillas,Municipal,Colisión con objeto móvil,Masculino,63,Ciclista,Bicicleta,Motocicleta,No aplica,No aplica
2021-02-14T00:00:00.000,domingo,1899-12-31T05:44:00.000,El Caguán,Municipal,Volcamiento,Femenino,31,Conductor Moto,Motocicleta,No aplica,No aplica,No aplica
2021-03-28T00:00:00.000,domingo,1899-12-31T20:23:00.000,1,Municipal,Volcamiento,Masculino,24,Conductor Moto,Motocicleta,No aplica,No aplica,No aplica
2021-04-06T00:00:00.000,martes,1899-12-31T02:50:00.000,6,Municipal,Colisión con objeto movil,Masculino,28,Conductor de Moto,Motocicleta,Microbus/Busetón,No aplica,No aplica
2021-04-09T00:00:00.000,viernes,1899-12-31T00:47:00.000,3,Municipal,Colisión con objeto movil,Masculino,77,Ciclista,Bicicleta,Vehiculo particular,No aplica,No aplica
2021-04-13T00:00:00.000,martes,1899-12-31T06:08:00.000,6,Municipal,Colisión con objeto movil,Femenino,22,Conductor de Moto,Motocicleta,Particular,No aplica,No aplica
2021-04-19T00:00:00.000,lunes,1899-12-31T05:13:00.000,9,Municipal,Peatón Atropellado,Masculino,6,Peatón,Autónomo (Peatón),Particular,No aplica,No aplica
2021-04-25T00:00:00.000,domingo,1899-12-31T08:20:00.000,1,Municipal,Colisión con objeto fijo,Masculino,33,Conductor de Moto,Motocicleta,No aplica,No aplica,No aplica
2021-05-08T00:00:00.000,sábado,1899-12-31T13:55:00.000,Fortalecillas,Municipal,Colisión con objeto movil,Masculino,28,Pasajero de Moto,Motocicleta,Vehiculo particular,No aplica,No aplica
2021-05-06T00:00:00.000,jueves,1899-12-31T03:00:00.000,4,Municipal,Peatón Atropellado,Femenino,72,Peatón,Autónomo (Peatón),Microbus/Busetón,No aplica,No aplica
2021-05-11T00:00:00.000,martes,1899-12-31T15:13:00.000,10,Municipal,Colisión con objeto fijo,Masculino,15,Conductor Moto,Motocicleta,No aplica,No aplica,No aplica
2021-05-30T00:00:00.000,domingo,1899-12-31T15:35:00.000,1,Municipal,Colisión con objeto fijo,Masculino,46,Conductor Moto,Motocicleta,Sin dato,No aplica,No aplica
2021-06-24T00:00:00.000,jueves,1899-12-31T17:23:00.000,6,Municipal,Colisión con animales,Masculino,43,Conductor Moto,Motocicleta,No aplica,No aplica,No aplica
2021-07-25T00:00:00.000,domingo,1899-12-31T03:36:00.000,San Luis,Municipal,Sin Dato,Masculino,27,Conductor Moto,Motocicleta,Sin dato,Sin dato,Sin dato
2021-08-01T00:00:00.000,domingo,1899-12-31T14:50:00.000,1,Municipal,Volcamiento,Masculino,49,Conductor Moto,Particular,Sin dato,Sin dato,Sin dato
2021-08-02T00:00:00.000,lunes,1899-12-31T23:00:00.000,1,Municipal,Volcamiento,Masculino,42,Conductor Moto,Particular,Sin dato,Sin dato,Sin dato
2021-08-07T00:00:00.000,sábado,1899-12-31T03:58:00.000,6,Municipal,Colisión con objeto móvil,Masculino,36,Conductor Moto,Particular,Sin dato,Sin dato,Sin dato
2021-08-14T00:00:00.000,sábado,1899-12-31T03:58:00.000,Vegalarga,Municipal,Volcamiento,Masculino,53,Conductor Camioneta,Particular,No aplica,No aplica,No aplica
2021-08-19T00:00:00.000,jueves,1899-12-31T18:04:00.000,El Caguán,Municipal,Colision con objeto fijo,Masculino,18,Pasajero moto,Particular,Otro,No aplica,No aplica
2021-08-19T00:00:00.000,jueves,1899-12-31T13:40:00.000,El Caguán,Municipal,Colision con objeto fijo,Masculino,17,Conductor Moto,Motocicleta,Otro,No aplica,No aplica
2021-08-30T00:00:00.000,lunes,1899-12-31T00:29:00.000,7,Municipal,Caida de ocupante,Masculino,21,Peatón,No aplica,No aplica,No aplica,Particular
2021-09-20T00:00:00.000,lunes,1899-12-31T00:29:00.000,9,Municipal,Colisión con objeto fijo,Masculino,25,Conductor Moto,Motocicleta,Particular,No aplica,Particular
2021-09-27T00:00:00.000,lunes,1899-12-31T16:30:00.000,6,Municipal,Colisión con objeto móvil,Masculino,35,Conductor Moto,Motocicleta,No aplica,No aplica,Particular
2021-10-02T00:00:00.000,sabado,1899-12-31T11:04:00.000,6,Municipal,Peatón Atropellado,Femenino,71,Peatón,No aplica,Motocicleta,No aplica,No aplica
2021-10-03T00:00:00.000,domingo,1899-12-31T05:30:00.000,1,Municipal,Colisión con objeto fijo,Masculino,26,Conductor Moto,Motocicleta,No aplica,No aplica,No aplica
2021-10-13T00:00:00.000,miércoles,1899-12-31T06:30:00.000,9,Nacional,Sin Dato,Masculino,30,Peatón,No aplica,No aplica,No aplica,No aplica
2021-10-17T00:00:00.000,domingo,1899-12-31T22:15:00.000,5,Municipal,Colisión con objeto movil,Masculino,32,Conductor Moto,Motocicleta,Motocicleta,No aplica,No aplica
2021-10-20T00:00:00.000,miércoles,1899-12-31T11:04:00.000,4,Municipal,Colisión con objeto móvil,Femenino,53,Conductor Moto,Motocicleta,Motocicleta,No aplica,No aplica
2021-10-20T00:00:00.000,miércoles,1899-12-31T17:44:00.000,1,Municipal,Colisión con objeto móvil,Masculino,25,Conductor Moto,Motocicleta,Motocicleta,No aplica,No aplica
2021-10-24T00:00:00.000,domingo,1899-12-31T01:00:00.000,GUACIRCO,Municipal,Colisión con objeto fijo,Masculino,30,Conductor Moto,Motocicleta,No aplica,No aplica,No aplica
2021-10-26T00:00:00.000,martes,1899-12-31T22:00:00.000,El Caguán,Municipal,Colisión con objeto fijo,Masculino,47,Conductor Moto,Motocicleta,No aplica,No aplica,No aplica
2021-10-27T00:00:00.000,miércoles,Sin dato,5,Municipal,Sin Dato,Masculino,76,Sin Dato,Sin dato,Sin dato,Sin dato,Sin dato
2021-10-27T00:00:00.000,miércoles,1899-12-31T16:15:00.000,6,Municipal,Colisión con objeto móvil,Masculino,34,Conductor Moto,Motocicleta,Motocicleta,No aplica,No aplica
2021-11-05T00:00:00.000,viernes,sin dato,6,Municipal,Volcamiento,Femenino,40,Conductor Moto,Motocicleta,No aplica,No aplica,No aplica
2021-11-09T00:00:00.000,martes,1899-12-31T15:27:00.000,6,Municipal,Colsion con objeto movil,Masculino,27,Conductor Moto,Motocicleta,Camión/Camioneta,No aplica,No aplica
2021-11-09T00:00:00.000,martes,1899-12-31T21:00:00.000,6,Municipal,Peatón Atropellado,Masculino,47,Peatón,No aplica,Motocicleta,No aplica,No aplica
2021-11-11T00:00:00.000,jueves,1899-12-31T23:15:00.000,2,Municipal,Volcamiento,Masculino,22,Conductor Moto,Motocicleta,No aplica,No aplica,No aplica
2021-11-13T00:00:00.000,sábado,1899-12-31T15:43:00.000,Traoichito,Municipal,Colision con objeto movil,Masculino,55,Conductor moto,Motocicleta,Microbus/Busetón,No aplica,No aplica
2021-11-15T00:00:00.000,lunes,1899-12-31T15:11:00.000,San Antonio,Municipal,Volcamiento,Femenino,62,Pasajero de vehiculo,Camión/Camioneta,No aplica,No aplica,No aplica
2021-11-22T00:00:00.000,lunes,1899-12-31T21:07:00.000,6,Municipal,Colision con objeto movil,Femenino,40,Conductor de Moto,Motocicleta,Motocicleta,No aplica,No aplica
2021-11-29T00:00:00.000,lunes,1899-12-31T01:10:00.000,3,Municipal,Colision con objeto fijo,Masculino,43,Conductor de vehiculo,Motocicleta,No aplica,No aplica,No aplica
2021-12-07T00:00:00.000,martes,1899-12-31T16:04:00.000,4,Municipal,Sin Dato,Masculino,58,Sin Dato,Sin dato,Sin dato,No aplica,No aplica
2021-12-12T00:00:00.000,domingo,1899-12-31T15:50:00.000,4,Municipal,Colision con objeto movil,Femenino,28,Conductor de Moto,Motocicleta,Vehiculo particular,No aplica,No aplica
2021-12-21T00:00:00.000,martes,1899-12-31T18:59:00.000,10,Municipal,Peatón Atropellado,Masculino,67,Peaton,Autónomo (Peatón),Motocicleta,No aplica,No aplica
2021-12-24T00:00:00.000,viernes,1899-12-31T13:09:00.000,8,Municipal,Volcamiento,Femenino,23,Conductor de Moto,Motocicleta,No aplica,No aplica,No aplica
2021-12-25T00:00:00.000,sabado,1899-12-31T16:15:00.000,4,Municipal,Colision con objeto movil,Masculino,32,Conductor de Moto,Motocicleta,Vehiculo particular,No aplica,No aplica
2021-12-25T00:00:00.000,sabado,1899-12-31T20:19:00.000,1,Municipal,Colision con objeto movil,Masculino,74,Ciclista,Bicicleta,Motocicleta,No aplica,No aplica
2022-01-31T00:00:00.000,lunes,1899-12-31T17:58:00.000,6,Municipal,Colision con objeto movil,Masculino,54,Ciclista,Bicicleta,Microbus/Busetón,No aplica,No aplica
2022-02-06T00:00:00.000,martes,1899-12-31T19:50:00.000,1,Municipal,Sin Dato,Masculino,22,Conductor de Moto,Motocicleta,No aplica,No aplica,No aplica
2022-02-26T00:00:00.000,miércoles,1899-12-31T07:13:00.000,1,Municipal,Sin Dato,Masculino,34,Sin Dato,Sin dato,Sin dato,Sin dato,Sin dato
2022-03-11T00:00:00.000,Viernes,1899-12-31T14:15:00.000,2,Municipal,Peatón Atropellado,Masculino,81,Peatón,No aplica,Motocicleta,No aplica,No aplica
2022-03-13T00:00:00.000,Domingo,1899-12-31T18:00:00.000,2,Municipal,Peatón Atropellado,Femenino,36,Peatón,Autónomo (Peatón),Vehiculo particular,No aplica,No aplica
